<?xml version='1.0' encoding='UTF-8' standalone='no'?>
<doxygen xmlns:xsi="http://www.w3.org/2001/XMLSchema-instance" xsi:noNamespaceSchemaLocation="compound.xsd" version="1.8.10">
  <compounddef id="classGameObject" kind="class" language="C++" prot="public">
    <compoundname>GameObject</compoundname>
    <derivedcompoundref refid="classDweller" prot="public" virt="non-virtual">Dweller</derivedcompoundref>
    <derivedcompoundref refid="classItem" prot="public" virt="non-virtual">Item</derivedcompoundref>
    <includes refid="GameObject_8h" local="no">GameObject.h</includes>
      <sectiondef kind="private-attrib">
      <memberdef kind="variable" id="classGameObject_1a975468b0205494c8809af8260c45f1df" prot="private" static="no" mutable="no">
        <type>const string</type>
        <definition>const string GameObject::kName</definition>
        <argsstring></argsstring>
        <name>kName</name>
        <briefdescription>
        </briefdescription>
        <detaileddescription>
        </detaileddescription>
        <inbodydescription>
        </inbodydescription>
        <location file="Assignmen01_150503N_NathanChia/GameObject.h" line="24" column="1" bodyfile="Assignmen01_150503N_NathanChia/GameObject.h" bodystart="24" bodyend="-1"/>
        <referencedby refid="classGameObject_1ab7c8021dd4caa10448c87396db933e94" compoundref="GameObject_8cpp" startline="47" endline="50">getName</referencedby>
      </memberdef>
      </sectiondef>
      <sectiondef kind="private-static-attrib">
      <memberdef kind="variable" id="classGameObject_1a4f10ed5bec5962a6ed7632ec9deb6da6" prot="private" static="yes" mutable="no">
        <type>int</type>
        <definition>int GameObject::count_</definition>
        <argsstring></argsstring>
        <name>count_</name>
        <briefdescription>
        </briefdescription>
        <detaileddescription>
        </detaileddescription>
        <inbodydescription>
        </inbodydescription>
        <location file="Assignmen01_150503N_NathanChia/GameObject.h" line="25" column="1" bodyfile="Assignmen01_150503N_NathanChia/GameObject.h" bodystart="25" bodyend="-1"/>
        <referencedby refid="classGameObject_1ab4a9826131a3c4116970e4e1e70587ff" compoundref="GameObject_8cpp" startline="15" endline="18">GameObject</referencedby>
        <referencedby refid="classGameObject_1a00da4ea36f3945e1da1a2f81061b57d3" compoundref="GameObject_8cpp" startline="53" endline="56">getCount</referencedby>
        <referencedby refid="classGameObject_1ab82dfdb656f9051c0587e6593b2dda97" compoundref="GameObject_8cpp" startline="31" endline="34">~GameObject</referencedby>
      </memberdef>
      </sectiondef>
      <sectiondef kind="protected-func">
      <memberdef kind="function" id="classGameObject_1ab4a9826131a3c4116970e4e1e70587ff" prot="protected" static="no" const="no" explicit="no" inline="no" virt="non-virtual">
        <type></type>
        <definition>GameObject::GameObject</definition>
        <argsstring>(const string &amp;)</argsstring>
        <name>GameObject</name>
        <param>
          <type>const string &amp;</type>
          <defname>kName</defname>
        </param>
        <briefdescription>
<para>Adds 1 to a count everytime a item is initialised. </para>        </briefdescription>
        <detaileddescription>
<para><parameterlist kind="param"><parameteritem>
<parameternamelist>
<parametername>rhs</parametername>
</parameternamelist>
<parameterdescription>
<para>const string&amp; kName </para></parameterdescription>
</parameteritem>
</parameterlist>
<parameterlist kind="exception"><parameteritem>
<parameternamelist>
</parameternamelist>
<parameterdescription>
</parameterdescription>
</parameteritem>
</parameterlist>
</para>        </detaileddescription>
        <inbodydescription>
        </inbodydescription>
        <location file="Assignmen01_150503N_NathanChia/GameObject.h" line="27" column="1" bodyfile="Assignmen01_150503N_NathanChia/GameObject.cpp" bodystart="15" bodyend="18"/>
        <references refid="classGameObject_1a4f10ed5bec5962a6ed7632ec9deb6da6" compoundref="GameObject_8h" startline="25">count_</references>
      </memberdef>
      </sectiondef>
      <sectiondef kind="public-func">
      <memberdef kind="function" id="classGameObject_1ab82dfdb656f9051c0587e6593b2dda97" prot="public" static="no" const="no" explicit="no" inline="no" virt="virtual">
        <type></type>
        <definition>GameObject::~GameObject</definition>
        <argsstring>()</argsstring>
        <name>~GameObject</name>
        <briefdescription>
<para>The destructor of <ref refid="classGameObject" kindref="compound">GameObject</ref>, also deducts 1 from the counter. </para>        </briefdescription>
        <detaileddescription>
<para><parameterlist kind="param"><parameteritem>
<parameternamelist>
<parametername>rhs</parametername>
</parameternamelist>
<parameterdescription>
<para></para></parameterdescription>
</parameteritem>
</parameterlist>
<parameterlist kind="exception"><parameteritem>
<parameternamelist>
</parameternamelist>
<parameterdescription>
</parameterdescription>
</parameteritem>
</parameterlist>
</para>        </detaileddescription>
        <inbodydescription>
        </inbodydescription>
        <location file="Assignmen01_150503N_NathanChia/GameObject.h" line="29" column="1" bodyfile="Assignmen01_150503N_NathanChia/GameObject.cpp" bodystart="31" bodyend="34"/>
        <references refid="classGameObject_1a4f10ed5bec5962a6ed7632ec9deb6da6" compoundref="GameObject_8h" startline="25">count_</references>
      </memberdef>
      <memberdef kind="function" id="classGameObject_1ab7c8021dd4caa10448c87396db933e94" prot="public" static="no" const="no" explicit="no" inline="no" virt="non-virtual">
        <type>string</type>
        <definition>string GameObject::getName</definition>
        <argsstring>(void)</argsstring>
        <name>getName</name>
        <param>
          <type>void</type>
        </param>
        <briefdescription>
<para>Gives the Object initialised it&apos;s name. </para>        </briefdescription>
        <detaileddescription>
<para><parameterlist kind="param"><parameteritem>
<parameternamelist>
<parametername>rhs</parametername>
</parameternamelist>
<parameterdescription>
<para></para></parameterdescription>
</parameteritem>
</parameterlist>
<parameterlist kind="exception"><parameteritem>
<parameternamelist>
</parameternamelist>
<parameterdescription>
</parameterdescription>
</parameteritem>
</parameterlist>
</para>        </detaileddescription>
        <inbodydescription>
        </inbodydescription>
        <location file="Assignmen01_150503N_NathanChia/GameObject.h" line="30" column="1" bodyfile="Assignmen01_150503N_NathanChia/GameObject.cpp" bodystart="47" bodyend="50"/>
        <references refid="classGameObject_1a975468b0205494c8809af8260c45f1df" compoundref="GameObject_8h" startline="24">kName</references>
      </memberdef>
      </sectiondef>
      <sectiondef kind="public-static-func">
      <memberdef kind="function" id="classGameObject_1a00da4ea36f3945e1da1a2f81061b57d3" prot="public" static="yes" const="no" explicit="no" inline="no" virt="non-virtual">
        <type>int</type>
        <definition>int GameObject::getCount</definition>
        <argsstring>()</argsstring>
        <name>getCount</name>
        <briefdescription>
        </briefdescription>
        <detaileddescription>
        </detaileddescription>
        <inbodydescription>
        </inbodydescription>
        <location file="Assignmen01_150503N_NathanChia/GameObject.h" line="31" column="1" bodyfile="Assignmen01_150503N_NathanChia/GameObject.cpp" bodystart="53" bodyend="56"/>
        <references refid="classGameObject_1a4f10ed5bec5962a6ed7632ec9deb6da6" compoundref="GameObject_8h" startline="25">count_</references>
        <referencedby refid="main_8cpp_1a061a0bf10e22f8e495ab1e4060236d77" compoundref="compileCheck_8cpp" startline="11" endline="71">testNames</referencedby>
      </memberdef>
      </sectiondef>
    <briefdescription>
<para>Defines standard values for any object in the game such as <ref refid="classItem" kindref="compound">Item</ref> name and an item count. </para>    </briefdescription>
    <detaileddescription>
<para>Class <ref refid="classGameObject" kindref="compound">GameObject</ref>: </para>    </detaileddescription>
    <inheritancegraph>
      <node id="58">
        <label>Dweller</label>
        <link refid="classDweller"/>
        <childnode refid="57" relation="public-inheritance">
        </childnode>
      </node>
      <node id="59">
        <label>Item</label>
        <link refid="classItem"/>
        <childnode refid="57" relation="public-inheritance">
        </childnode>
      </node>
      <node id="60">
        <label>Outfit</label>
        <link refid="classOutfit"/>
        <childnode refid="59" relation="public-inheritance">
        </childnode>
      </node>
      <node id="61">
        <label>Weapon</label>
        <link refid="classWeapon"/>
        <childnode refid="59" relation="public-inheritance">
        </childnode>
      </node>
      <node id="57">
        <label>GameObject</label>
        <link refid="classGameObject"/>
      </node>
    </inheritancegraph>
    <collaborationgraph>
      <node id="64">
        <label>string</label>
      </node>
      <node id="63">
        <label>int</label>
      </node>
      <node id="62">
        <label>GameObject</label>
        <link refid="classGameObject"/>
        <childnode refid="63" relation="usage">
          <edgelabel>count_</edgelabel>
        </childnode>
        <childnode refid="64" relation="usage">
          <edgelabel>kName</edgelabel>
        </childnode>
      </node>
    </collaborationgraph>
    <location file="Assignmen01_150503N_NathanChia/GameObject.h" line="22" column="1" bodyfile="Assignmen01_150503N_NathanChia/GameObject.h" bodystart="21" bodyend="33"/>
    <listofallmembers>
      <member refid="classGameObject_1a4f10ed5bec5962a6ed7632ec9deb6da6" prot="private" virt="non-virtual"><scope>GameObject</scope><name>count_</name></member>
      <member refid="classGameObject_1ab4a9826131a3c4116970e4e1e70587ff" prot="protected" virt="non-virtual"><scope>GameObject</scope><name>GameObject</name></member>
      <member refid="classGameObject_1a00da4ea36f3945e1da1a2f81061b57d3" prot="public" virt="non-virtual"><scope>GameObject</scope><name>getCount</name></member>
      <member refid="classGameObject_1ab7c8021dd4caa10448c87396db933e94" prot="public" virt="non-virtual"><scope>GameObject</scope><name>getName</name></member>
      <member refid="classGameObject_1a975468b0205494c8809af8260c45f1df" prot="private" virt="non-virtual"><scope>GameObject</scope><name>kName</name></member>
      <member refid="classGameObject_1ab82dfdb656f9051c0587e6593b2dda97" prot="public" virt="virtual"><scope>GameObject</scope><name>~GameObject</name></member>
    </listofallmembers>
  </compounddef>
</doxygen>
