<?xml version='1.0' encoding='UTF-8' standalone='no'?>
<doxygen xmlns:xsi="http://www.w3.org/2001/XMLSchema-instance" xsi:noNamespaceSchemaLocation="compound.xsd" version="1.8.10">
  <compounddef id="classOutfit" kind="class" language="C++" prot="public">
    <compoundname>Outfit</compoundname>
    <basecompoundref refid="classItem" prot="public" virt="non-virtual">Item</basecompoundref>
    <includes refid="Outfit_8h" local="no">Outfit.h</includes>
      <sectiondef kind="private-attrib">
      <memberdef kind="variable" id="classOutfit_1acbd6b2717ab180c33dcff9bea347b154" prot="private" static="no" mutable="no">
        <type>const int</type>
        <definition>const int Outfit::kSPECIAL</definition>
        <argsstring></argsstring>
        <name>kSPECIAL</name>
        <briefdescription>
        </briefdescription>
        <detaileddescription>
        </detaileddescription>
        <inbodydescription>
        </inbodydescription>
        <location file="Assignmen01_150503N_NathanChia/Outfit.h" line="23" column="1" bodyfile="Assignmen01_150503N_NathanChia/Outfit.h" bodystart="23" bodyend="-1"/>
        <referencedby refid="classOutfit_1ac62f8f308ad5a60cee90a9bfa8d70d4e" compoundref="Outift_8cpp" startline="45" endline="48">getSPECIAL</referencedby>
      </memberdef>
      </sectiondef>
      <sectiondef kind="public-func">
      <memberdef kind="function" id="classOutfit_1a553920a1a43a41020a8aef174ea43ce3" prot="public" static="no" const="no" explicit="no" inline="no" virt="non-virtual">
        <type></type>
        <definition>Outfit::Outfit</definition>
        <argsstring>(const string &amp;, const int &amp;, const int &amp;)</argsstring>
        <name>Outfit</name>
        <param>
          <type>const string &amp;</type>
          <defname>kName</defname>
        </param>
        <param>
          <type>const int &amp;</type>
          <defname>durability_</defname>
        </param>
        <param>
          <type>const int &amp;</type>
          <defname>kSPECIAL</defname>
        </param>
        <briefdescription>
<para>Constructor that initialises a outfit item. </para>        </briefdescription>
        <detaileddescription>
<para><parameterlist kind="param"><parameteritem>
<parameternamelist>
<parametername>rhs</parametername>
</parameternamelist>
<parameterdescription>
<para>const string&amp; kName, const int&amp; durability_, const int&amp; kSPECIAL </para></parameterdescription>
</parameteritem>
</parameterlist>
<parameterlist kind="exception"><parameteritem>
<parameternamelist>
</parameternamelist>
<parameterdescription>
</parameterdescription>
</parameteritem>
</parameterlist>
</para>        </detaileddescription>
        <inbodydescription>
        </inbodydescription>
        <location file="Assignmen01_150503N_NathanChia/Outfit.h" line="25" column="1" bodyfile="Assignmen01_150503N_NathanChia/Outift.cpp" bodystart="13" bodyend="17"/>
      </memberdef>
      <memberdef kind="function" id="classOutfit_1a1960e26664a0f6c991c98950e53e0b47" prot="public" static="no" const="no" explicit="no" inline="no" virt="virtual">
        <type></type>
        <definition>Outfit::~Outfit</definition>
        <argsstring>()</argsstring>
        <name>~Outfit</name>
        <briefdescription>
<para>Default Destructor. </para>        </briefdescription>
        <detaileddescription>
<para><parameterlist kind="param"><parameteritem>
<parameternamelist>
<parametername>rhs</parametername>
</parameternamelist>
<parameterdescription>
<para></para></parameterdescription>
</parameteritem>
</parameterlist>
<parameterlist kind="exception"><parameteritem>
<parameternamelist>
</parameternamelist>
<parameterdescription>
</parameterdescription>
</parameteritem>
</parameterlist>
</para>        </detaileddescription>
        <inbodydescription>
        </inbodydescription>
        <location file="Assignmen01_150503N_NathanChia/Outfit.h" line="26" column="1" bodyfile="Assignmen01_150503N_NathanChia/Outift.cpp" bodystart="29" bodyend="32"/>
      </memberdef>
      <memberdef kind="function" id="classOutfit_1ac62f8f308ad5a60cee90a9bfa8d70d4e" prot="public" static="no" const="no" explicit="no" inline="no" virt="non-virtual">
        <type>const int</type>
        <definition>const int Outfit::getSPECIAL</definition>
        <argsstring>()</argsstring>
        <name>getSPECIAL</name>
        <briefdescription>
<para>Passes in the SPECIAL value of the outfit into functions that require it. </para>        </briefdescription>
        <detaileddescription>
<para><parameterlist kind="param"><parameteritem>
<parameternamelist>
<parametername>rhs</parametername>
</parameternamelist>
<parameterdescription>
<para></para></parameterdescription>
</parameteritem>
</parameterlist>
<parameterlist kind="exception"><parameteritem>
<parameternamelist>
</parameternamelist>
<parameterdescription>
</parameterdescription>
</parameteritem>
</parameterlist>
</para>        </detaileddescription>
        <inbodydescription>
        </inbodydescription>
        <location file="Assignmen01_150503N_NathanChia/Outfit.h" line="27" column="1" bodyfile="Assignmen01_150503N_NathanChia/Outift.cpp" bodystart="45" bodyend="48"/>
        <references refid="classOutfit_1acbd6b2717ab180c33dcff9bea347b154" compoundref="Outfit_8h" startline="23">kSPECIAL</references>
        <referencedby refid="classDweller_1aee5683dcdaa052daac072cfdeb56df2f" compoundref="Dweller_8cpp" startline="52" endline="123">Dweller::getSPECIAL</referencedby>
        <referencedby refid="main_8cpp_1a061a0bf10e22f8e495ab1e4060236d77" compoundref="compileCheck_8cpp" startline="11" endline="71">testNames</referencedby>
      </memberdef>
      <memberdef kind="function" id="classOutfit_1a757380dfe425a928d6a1397d8b960956" prot="public" static="no" const="no" explicit="no" inline="no" virt="virtual">
        <type>void</type>
        <definition>void Outfit::receiveDamage</definition>
        <argsstring>(const int &amp;)</argsstring>
        <name>receiveDamage</name>
        <reimplements refid="classItem_1af07624523911254b4fad62612a2c2e8e">receiveDamage</reimplements>
        <param>
          <type>const int &amp;</type>
          <defname>durability_</defname>
        </param>
        <briefdescription>
<para>Initialises the durability of the <ref refid="classOutfit" kindref="compound">Outfit</ref>. </para>        </briefdescription>
        <detaileddescription>
<para><parameterlist kind="param"><parameteritem>
<parameternamelist>
<parametername>rhs</parametername>
</parameternamelist>
<parameterdescription>
<para></para></parameterdescription>
</parameteritem>
</parameterlist>
<parameterlist kind="exception"><parameteritem>
<parameternamelist>
</parameternamelist>
<parameterdescription>
</parameterdescription>
</parameteritem>
</parameterlist>
</para>        </detaileddescription>
        <inbodydescription>
        </inbodydescription>
        <location file="Assignmen01_150503N_NathanChia/Outfit.h" line="28" column="1" bodyfile="Assignmen01_150503N_NathanChia/Outift.cpp" bodystart="61" bodyend="64"/>
        <references refid="classItem_1aa565c4091f6ac0634d762fb250128cee" compoundref="Item_8h" startline="25">Item::durability_</references>
        <referencedby refid="main_8cpp_1a061a0bf10e22f8e495ab1e4060236d77" compoundref="compileCheck_8cpp" startline="11" endline="71">testNames</referencedby>
      </memberdef>
      </sectiondef>
    <briefdescription>
<para>Defines a <ref refid="classOutfit" kindref="compound">Outfit</ref> item, along with the SPECIAL stats it adds to the player, which inherits the durability stat from <ref refid="classItem" kindref="compound">Item</ref> and the name string to give it a name from <ref refid="classGameObject" kindref="compound">GameObject</ref>. </para>    </briefdescription>
    <detaileddescription>
<para>Class Oufit: </para>    </detaileddescription>
    <inheritancegraph>
      <node id="74">
        <label>Item</label>
        <link refid="classItem"/>
        <childnode refid="75" relation="public-inheritance">
        </childnode>
      </node>
      <node id="73">
        <label>Outfit</label>
        <link refid="classOutfit"/>
        <childnode refid="74" relation="public-inheritance">
        </childnode>
      </node>
      <node id="75">
        <label>GameObject</label>
        <link refid="classGameObject"/>
      </node>
    </inheritancegraph>
    <collaborationgraph>
      <node id="80">
        <label>string</label>
      </node>
      <node id="77">
        <label>Item</label>
        <link refid="classItem"/>
        <childnode refid="78" relation="public-inheritance">
        </childnode>
        <childnode refid="79" relation="usage">
          <edgelabel>durability_</edgelabel>
        </childnode>
      </node>
      <node id="76">
        <label>Outfit</label>
        <link refid="classOutfit"/>
        <childnode refid="77" relation="public-inheritance">
        </childnode>
        <childnode refid="79" relation="usage">
          <edgelabel>kSPECIAL</edgelabel>
        </childnode>
      </node>
      <node id="79">
        <label>int</label>
      </node>
      <node id="78">
        <label>GameObject</label>
        <link refid="classGameObject"/>
        <childnode refid="79" relation="usage">
          <edgelabel>count_</edgelabel>
        </childnode>
        <childnode refid="80" relation="usage">
          <edgelabel>kName</edgelabel>
        </childnode>
      </node>
    </collaborationgraph>
    <location file="Assignmen01_150503N_NathanChia/Outfit.h" line="21" column="1" bodyfile="Assignmen01_150503N_NathanChia/Outfit.h" bodystart="20" bodyend="30"/>
    <listofallmembers>
      <member refid="classItem_1aa565c4091f6ac0634d762fb250128cee" prot="protected" virt="non-virtual"><scope>Outfit</scope><name>durability_</name></member>
      <member refid="classGameObject_1ab4a9826131a3c4116970e4e1e70587ff" prot="protected" virt="non-virtual"><scope>Outfit</scope><name>GameObject</name></member>
      <member refid="classGameObject_1a00da4ea36f3945e1da1a2f81061b57d3" prot="public" virt="non-virtual"><scope>Outfit</scope><name>getCount</name></member>
      <member refid="classItem_1a26396e7bd1be4d8ab3590dfac9cbca39" prot="public" virt="non-virtual"><scope>Outfit</scope><name>getDurability</name></member>
      <member refid="classGameObject_1ab7c8021dd4caa10448c87396db933e94" prot="public" virt="non-virtual"><scope>Outfit</scope><name>getName</name></member>
      <member refid="classOutfit_1ac62f8f308ad5a60cee90a9bfa8d70d4e" prot="public" virt="non-virtual"><scope>Outfit</scope><name>getSPECIAL</name></member>
      <member refid="classItem_1a426c7ad7c16a09129047060a04b94b81" prot="public" virt="non-virtual"><scope>Outfit</scope><name>Item</name></member>
      <member refid="classOutfit_1acbd6b2717ab180c33dcff9bea347b154" prot="private" virt="non-virtual"><scope>Outfit</scope><name>kSPECIAL</name></member>
      <member refid="classOutfit_1a553920a1a43a41020a8aef174ea43ce3" prot="public" virt="non-virtual"><scope>Outfit</scope><name>Outfit</name></member>
      <member refid="classOutfit_1a757380dfe425a928d6a1397d8b960956" prot="public" virt="virtual"><scope>Outfit</scope><name>receiveDamage</name></member>
      <member refid="classGameObject_1ab82dfdb656f9051c0587e6593b2dda97" prot="public" virt="virtual"><scope>Outfit</scope><name>~GameObject</name></member>
      <member refid="classItem_1a11663c84075b78c3ae5e30fdfcd7c458" prot="public" virt="virtual"><scope>Outfit</scope><name>~Item</name></member>
      <member refid="classOutfit_1a1960e26664a0f6c991c98950e53e0b47" prot="public" virt="virtual"><scope>Outfit</scope><name>~Outfit</name></member>
    </listofallmembers>
  </compounddef>
</doxygen>
