<?xml version='1.0' encoding='UTF-8' standalone='no'?>
<doxygen xmlns:xsi="http://www.w3.org/2001/XMLSchema-instance" xsi:noNamespaceSchemaLocation="compound.xsd" version="1.8.10">
  <compounddef id="classWeapon" kind="class" language="C++" prot="public">
    <compoundname>Weapon</compoundname>
    <basecompoundref refid="classItem" prot="public" virt="non-virtual">Item</basecompoundref>
    <includes refid="Weapon_8h" local="no">Weapon.h</includes>
      <sectiondef kind="private-attrib">
      <memberdef kind="variable" id="classWeapon_1a0f219eb852ca4d385443dd9a7d2f0212" prot="private" static="no" mutable="no">
        <type>const int</type>
        <definition>const int Weapon::kAttackDmg</definition>
        <argsstring></argsstring>
        <name>kAttackDmg</name>
        <briefdescription>
        </briefdescription>
        <detaileddescription>
        </detaileddescription>
        <inbodydescription>
        </inbodydescription>
        <location file="Assignmen01_150503N_NathanChia/Weapon.h" line="24" column="1" bodyfile="Assignmen01_150503N_NathanChia/Weapon.h" bodystart="24" bodyend="-1"/>
        <referencedby refid="classWeapon_1aa68d843906315f5f97f85d464c865aef" compoundref="Weapon_8cpp" startline="47" endline="54">getAttackDmg</referencedby>
      </memberdef>
      </sectiondef>
      <sectiondef kind="public-func">
      <memberdef kind="function" id="classWeapon_1a30805a0dd8dd7e625fb6193d61ea921b" prot="public" static="no" const="no" explicit="no" inline="no" virt="non-virtual">
        <type></type>
        <definition>Weapon::Weapon</definition>
        <argsstring>(const string &amp;, const int &amp;, const int &amp;)</argsstring>
        <name>Weapon</name>
        <param>
          <type>const string &amp;</type>
          <defname>kName</defname>
        </param>
        <param>
          <type>const int &amp;</type>
          <defname>durability_</defname>
        </param>
        <param>
          <type>const int &amp;</type>
          <defname>kAttackDmg</defname>
        </param>
        <briefdescription>
<para>Constructor that initialises a weapon item in the game. </para>        </briefdescription>
        <detaileddescription>
<para><parameterlist kind="param"><parameteritem>
<parameternamelist>
<parametername>rhs</parametername>
</parameternamelist>
<parameterdescription>
<para>const string&amp; kName, const int&amp; durability_, const int&amp; kAttackDmg </para></parameterdescription>
</parameteritem>
</parameterlist>
<parameterlist kind="exception"><parameteritem>
<parameternamelist>
</parameternamelist>
<parameterdescription>
</parameterdescription>
</parameteritem>
</parameterlist>
</para>        </detaileddescription>
        <inbodydescription>
        </inbodydescription>
        <location file="Assignmen01_150503N_NathanChia/Weapon.h" line="26" column="1" bodyfile="Assignmen01_150503N_NathanChia/Weapon.cpp" bodystart="14" bodyend="17"/>
      </memberdef>
      <memberdef kind="function" id="classWeapon_1a420e7ba3d2017e6de3e93eb579cfd3fa" prot="public" static="no" const="no" explicit="no" inline="no" virt="virtual">
        <type></type>
        <definition>Weapon::~Weapon</definition>
        <argsstring>()</argsstring>
        <name>~Weapon</name>
        <briefdescription>
<para>Default Destructor. </para>        </briefdescription>
        <detaileddescription>
<para><parameterlist kind="param"><parameteritem>
<parameternamelist>
<parametername>rhs</parametername>
</parameternamelist>
<parameterdescription>
<para></para></parameterdescription>
</parameteritem>
</parameterlist>
<parameterlist kind="exception"><parameteritem>
<parameternamelist>
</parameternamelist>
<parameterdescription>
</parameterdescription>
</parameteritem>
</parameterlist>
</para>        </detaileddescription>
        <inbodydescription>
        </inbodydescription>
        <location file="Assignmen01_150503N_NathanChia/Weapon.h" line="27" column="1" bodyfile="Assignmen01_150503N_NathanChia/Weapon.cpp" bodystart="30" bodyend="33"/>
      </memberdef>
      <memberdef kind="function" id="classWeapon_1aa68d843906315f5f97f85d464c865aef" prot="public" static="no" const="no" explicit="no" inline="no" virt="non-virtual">
        <type>const int</type>
        <definition>const int Weapon::getAttackDmg</definition>
        <argsstring>()</argsstring>
        <name>getAttackDmg</name>
        <briefdescription>
<para>Passes in the value of the attack damage of the weapon, and checks should it be a negative value, will be zero. </para>        </briefdescription>
        <detaileddescription>
<para><parameterlist kind="param"><parameteritem>
<parameternamelist>
<parametername>rhs</parametername>
</parameternamelist>
<parameterdescription>
<para></para></parameterdescription>
</parameteritem>
</parameterlist>
<parameterlist kind="exception"><parameteritem>
<parameternamelist>
</parameternamelist>
<parameterdescription>
</parameterdescription>
</parameteritem>
</parameterlist>
</para>        </detaileddescription>
        <inbodydescription>
        </inbodydescription>
        <location file="Assignmen01_150503N_NathanChia/Weapon.h" line="28" column="1" bodyfile="Assignmen01_150503N_NathanChia/Weapon.cpp" bodystart="47" bodyend="54"/>
        <references refid="classWeapon_1a0f219eb852ca4d385443dd9a7d2f0212" compoundref="Weapon_8h" startline="24">kAttackDmg</references>
        <referencedby refid="main_8cpp_1a061a0bf10e22f8e495ab1e4060236d77" compoundref="compileCheck_8cpp" startline="11" endline="71">testNames</referencedby>
      </memberdef>
      <memberdef kind="function" id="classWeapon_1a177eb2a97f4a93b04a18a83405871d43" prot="public" static="no" const="no" explicit="no" inline="no" virt="virtual">
        <type>void</type>
        <definition>void Weapon::receiveDamage</definition>
        <argsstring>(const int &amp;)</argsstring>
        <name>receiveDamage</name>
        <reimplements refid="classItem_1af07624523911254b4fad62612a2c2e8e">receiveDamage</reimplements>
        <param>
          <type>const int &amp;</type>
          <defname>durability_</defname>
        </param>
        <briefdescription>
<para>Passes the value of durability into the weapon item, divided by 2 as it takes half damage. </para>        </briefdescription>
        <detaileddescription>
<para><parameterlist kind="param"><parameteritem>
<parameternamelist>
<parametername>rhs</parametername>
</parameternamelist>
<parameterdescription>
<para></para></parameterdescription>
</parameteritem>
</parameterlist>
<parameterlist kind="exception"><parameteritem>
<parameternamelist>
</parameternamelist>
<parameterdescription>
</parameterdescription>
</parameteritem>
</parameterlist>
</para>        </detaileddescription>
        <inbodydescription>
        </inbodydescription>
        <location file="Assignmen01_150503N_NathanChia/Weapon.h" line="29" column="1" bodyfile="Assignmen01_150503N_NathanChia/Weapon.cpp" bodystart="67" bodyend="70"/>
        <referencedby refid="main_8cpp_1a061a0bf10e22f8e495ab1e4060236d77" compoundref="compileCheck_8cpp" startline="11" endline="71">testNames</referencedby>
      </memberdef>
      </sectiondef>
    <briefdescription>
<para>Defines a weapon item, along with the damage it would deal. </para>    </briefdescription>
    <detaileddescription>
<para>Class <ref refid="classWeapon" kindref="compound">Weapon</ref>: </para>    </detaileddescription>
    <inheritancegraph>
      <node id="85">
        <label>Item</label>
        <link refid="classItem"/>
        <childnode refid="86" relation="public-inheritance">
        </childnode>
      </node>
      <node id="84">
        <label>Weapon</label>
        <link refid="classWeapon"/>
        <childnode refid="85" relation="public-inheritance">
        </childnode>
      </node>
      <node id="86">
        <label>GameObject</label>
        <link refid="classGameObject"/>
      </node>
    </inheritancegraph>
    <collaborationgraph>
      <node id="91">
        <label>string</label>
      </node>
      <node id="88">
        <label>Item</label>
        <link refid="classItem"/>
        <childnode refid="89" relation="public-inheritance">
        </childnode>
        <childnode refid="90" relation="usage">
          <edgelabel>durability_</edgelabel>
        </childnode>
      </node>
      <node id="90">
        <label>int</label>
      </node>
      <node id="87">
        <label>Weapon</label>
        <link refid="classWeapon"/>
        <childnode refid="88" relation="public-inheritance">
        </childnode>
        <childnode refid="90" relation="usage">
          <edgelabel>kAttackDmg</edgelabel>
        </childnode>
      </node>
      <node id="89">
        <label>GameObject</label>
        <link refid="classGameObject"/>
        <childnode refid="90" relation="usage">
          <edgelabel>count_</edgelabel>
        </childnode>
        <childnode refid="91" relation="usage">
          <edgelabel>kName</edgelabel>
        </childnode>
      </node>
    </collaborationgraph>
    <location file="Assignmen01_150503N_NathanChia/Weapon.h" line="22" column="1" bodyfile="Assignmen01_150503N_NathanChia/Weapon.h" bodystart="21" bodyend="30"/>
    <listofallmembers>
      <member refid="classItem_1aa565c4091f6ac0634d762fb250128cee" prot="protected" virt="non-virtual"><scope>Weapon</scope><name>durability_</name></member>
      <member refid="classGameObject_1ab4a9826131a3c4116970e4e1e70587ff" prot="protected" virt="non-virtual"><scope>Weapon</scope><name>GameObject</name></member>
      <member refid="classWeapon_1aa68d843906315f5f97f85d464c865aef" prot="public" virt="non-virtual"><scope>Weapon</scope><name>getAttackDmg</name></member>
      <member refid="classGameObject_1a00da4ea36f3945e1da1a2f81061b57d3" prot="public" virt="non-virtual"><scope>Weapon</scope><name>getCount</name></member>
      <member refid="classItem_1a26396e7bd1be4d8ab3590dfac9cbca39" prot="public" virt="non-virtual"><scope>Weapon</scope><name>getDurability</name></member>
      <member refid="classGameObject_1ab7c8021dd4caa10448c87396db933e94" prot="public" virt="non-virtual"><scope>Weapon</scope><name>getName</name></member>
      <member refid="classItem_1a426c7ad7c16a09129047060a04b94b81" prot="public" virt="non-virtual"><scope>Weapon</scope><name>Item</name></member>
      <member refid="classWeapon_1a0f219eb852ca4d385443dd9a7d2f0212" prot="private" virt="non-virtual"><scope>Weapon</scope><name>kAttackDmg</name></member>
      <member refid="classWeapon_1a177eb2a97f4a93b04a18a83405871d43" prot="public" virt="virtual"><scope>Weapon</scope><name>receiveDamage</name></member>
      <member refid="classWeapon_1a30805a0dd8dd7e625fb6193d61ea921b" prot="public" virt="non-virtual"><scope>Weapon</scope><name>Weapon</name></member>
      <member refid="classGameObject_1ab82dfdb656f9051c0587e6593b2dda97" prot="public" virt="virtual"><scope>Weapon</scope><name>~GameObject</name></member>
      <member refid="classItem_1a11663c84075b78c3ae5e30fdfcd7c458" prot="public" virt="virtual"><scope>Weapon</scope><name>~Item</name></member>
      <member refid="classWeapon_1a420e7ba3d2017e6de3e93eb579cfd3fa" prot="public" virt="virtual"><scope>Weapon</scope><name>~Weapon</name></member>
    </listofallmembers>
  </compounddef>
</doxygen>
