<?xml version='1.0' encoding='UTF-8' standalone='no'?>
<doxygen xmlns:xsi="http://www.w3.org/2001/XMLSchema-instance" xsi:noNamespaceSchemaLocation="compound.xsd" version="1.8.10">
  <compounddef id="classItem" kind="class" language="C++" prot="public" abstract="yes">
    <compoundname>Item</compoundname>
    <basecompoundref refid="classGameObject" prot="public" virt="non-virtual">GameObject</basecompoundref>
    <derivedcompoundref refid="classOutfit" prot="public" virt="non-virtual">Outfit</derivedcompoundref>
    <derivedcompoundref refid="classWeapon" prot="public" virt="non-virtual">Weapon</derivedcompoundref>
    <includes refid="Item_8h" local="no">Item.h</includes>
      <sectiondef kind="protected-attrib">
      <memberdef kind="variable" id="classItem_1aa565c4091f6ac0634d762fb250128cee" prot="protected" static="no" mutable="no">
        <type>int</type>
        <definition>int Item::durability_</definition>
        <argsstring></argsstring>
        <name>durability_</name>
        <briefdescription>
        </briefdescription>
        <detaileddescription>
        </detaileddescription>
        <inbodydescription>
        </inbodydescription>
        <location file="Assignmen01_150503N_NathanChia/Item.h" line="25" column="1" bodyfile="Assignmen01_150503N_NathanChia/Item.h" bodystart="25" bodyend="-1"/>
        <referencedby refid="classItem_1a26396e7bd1be4d8ab3590dfac9cbca39" compoundref="Item_8cpp" startline="45" endline="52">getDurability</referencedby>
        <referencedby refid="classOutfit_1a757380dfe425a928d6a1397d8b960956" compoundref="Outift_8cpp" startline="61" endline="64">Outfit::receiveDamage</referencedby>
      </memberdef>
      </sectiondef>
      <sectiondef kind="public-func">
      <memberdef kind="function" id="classItem_1a426c7ad7c16a09129047060a04b94b81" prot="public" static="no" const="no" explicit="no" inline="no" virt="non-virtual">
        <type></type>
        <definition>Item::Item</definition>
        <argsstring>(const string &amp;, const int &amp;)</argsstring>
        <name>Item</name>
        <param>
          <type>const string &amp;</type>
          <defname>kName</defname>
        </param>
        <param>
          <type>const int &amp;</type>
          <defname>durability_</defname>
        </param>
        <briefdescription>
<para>Constructor that initialises a item within the game. </para>        </briefdescription>
        <detaileddescription>
<para><parameterlist kind="param"><parameteritem>
<parameternamelist>
<parametername>rhs</parametername>
</parameternamelist>
<parameterdescription>
<para>const string&amp; kName, const int&amp; durability_ </para></parameterdescription>
</parameteritem>
</parameterlist>
<parameterlist kind="exception"><parameteritem>
<parameternamelist>
</parameternamelist>
<parameterdescription>
</parameterdescription>
</parameteritem>
</parameterlist>
</para>        </detaileddescription>
        <inbodydescription>
        </inbodydescription>
        <location file="Assignmen01_150503N_NathanChia/Item.h" line="27" column="1" bodyfile="Assignmen01_150503N_NathanChia/Item.cpp" bodystart="14" bodyend="17"/>
      </memberdef>
      <memberdef kind="function" id="classItem_1a11663c84075b78c3ae5e30fdfcd7c458" prot="public" static="no" const="no" explicit="no" inline="no" virt="virtual">
        <type></type>
        <definition>Item::~Item</definition>
        <argsstring>()</argsstring>
        <name>~Item</name>
        <briefdescription>
<para>Destructor for item. </para>        </briefdescription>
        <detaileddescription>
<para><parameterlist kind="param"><parameteritem>
<parameternamelist>
<parametername>rhs</parametername>
</parameternamelist>
<parameterdescription>
<para></para></parameterdescription>
</parameteritem>
</parameterlist>
<parameterlist kind="exception"><parameteritem>
<parameternamelist>
</parameternamelist>
<parameterdescription>
</parameterdescription>
</parameteritem>
</parameterlist>
</para>        </detaileddescription>
        <inbodydescription>
        </inbodydescription>
        <location file="Assignmen01_150503N_NathanChia/Item.h" line="28" column="1" bodyfile="Assignmen01_150503N_NathanChia/Item.cpp" bodystart="29" bodyend="32"/>
      </memberdef>
      <memberdef kind="function" id="classItem_1af07624523911254b4fad62612a2c2e8e" prot="public" static="no" const="no" explicit="no" inline="no" virt="pure-virtual">
        <type>void</type>
        <definition>virtual void Item::receiveDamage</definition>
        <argsstring>(const int &amp;)=0</argsstring>
        <name>receiveDamage</name>
        <reimplementedby refid="classOutfit_1a757380dfe425a928d6a1397d8b960956">receiveDamage</reimplementedby>
        <reimplementedby refid="classWeapon_1a177eb2a97f4a93b04a18a83405871d43">receiveDamage</reimplementedby>
        <param>
          <type>const int &amp;</type>
        </param>
        <briefdescription>
        </briefdescription>
        <detaileddescription>
        </detaileddescription>
        <inbodydescription>
        </inbodydescription>
        <location file="Assignmen01_150503N_NathanChia/Item.h" line="29" column="1"/>
        <referencedby refid="main_8cpp_1a061a0bf10e22f8e495ab1e4060236d77" compoundref="compileCheck_8cpp" startline="11" endline="71">testNames</referencedby>
      </memberdef>
      <memberdef kind="function" id="classItem_1a26396e7bd1be4d8ab3590dfac9cbca39" prot="public" static="no" const="no" explicit="no" inline="no" virt="non-virtual">
        <type>const int</type>
        <definition>const int Item::getDurability</definition>
        <argsstring>()</argsstring>
        <name>getDurability</name>
        <briefdescription>
<para>Function that checks for item if it broke in the game or not. </para>        </briefdescription>
        <detaileddescription>
<para><parameterlist kind="param"><parameteritem>
<parameternamelist>
<parametername>rhs</parametername>
</parameternamelist>
<parameterdescription>
<para></para></parameterdescription>
</parameteritem>
</parameterlist>
<parameterlist kind="exception"><parameteritem>
<parameternamelist>
</parameternamelist>
<parameterdescription>
</parameterdescription>
</parameteritem>
</parameterlist>
</para>        </detaileddescription>
        <inbodydescription>
        </inbodydescription>
        <location file="Assignmen01_150503N_NathanChia/Item.h" line="30" column="1" bodyfile="Assignmen01_150503N_NathanChia/Item.cpp" bodystart="45" bodyend="52"/>
        <references refid="classItem_1aa565c4091f6ac0634d762fb250128cee" compoundref="Item_8h" startline="25">durability_</references>
        <referencedby refid="main_8cpp_1a061a0bf10e22f8e495ab1e4060236d77" compoundref="compileCheck_8cpp" startline="11" endline="71">testNames</referencedby>
      </memberdef>
      </sectiondef>
    <briefdescription>
<para>Defines the common stats in any item in the game, and the durability stat. Inherits the string to add a name from <ref refid="classGameObject" kindref="compound">GameObject</ref>. </para>    </briefdescription>
    <detaileddescription>
<para>Class <ref refid="classItem" kindref="compound">Item</ref>: </para>    </detaileddescription>
    <inheritancegraph>
      <node id="65">
        <label>Item</label>
        <link refid="classItem"/>
        <childnode refid="66" relation="public-inheritance">
        </childnode>
      </node>
      <node id="67">
        <label>Outfit</label>
        <link refid="classOutfit"/>
        <childnode refid="65" relation="public-inheritance">
        </childnode>
      </node>
      <node id="68">
        <label>Weapon</label>
        <link refid="classWeapon"/>
        <childnode refid="65" relation="public-inheritance">
        </childnode>
      </node>
      <node id="66">
        <label>GameObject</label>
        <link refid="classGameObject"/>
      </node>
    </inheritancegraph>
    <collaborationgraph>
      <node id="72">
        <label>string</label>
      </node>
      <node id="69">
        <label>Item</label>
        <link refid="classItem"/>
        <childnode refid="70" relation="public-inheritance">
        </childnode>
        <childnode refid="71" relation="usage">
          <edgelabel>durability_</edgelabel>
        </childnode>
      </node>
      <node id="71">
        <label>int</label>
      </node>
      <node id="70">
        <label>GameObject</label>
        <link refid="classGameObject"/>
        <childnode refid="71" relation="usage">
          <edgelabel>count_</edgelabel>
        </childnode>
        <childnode refid="72" relation="usage">
          <edgelabel>kName</edgelabel>
        </childnode>
      </node>
    </collaborationgraph>
    <location file="Assignmen01_150503N_NathanChia/Item.h" line="23" column="1" bodyfile="Assignmen01_150503N_NathanChia/Item.h" bodystart="22" bodyend="31"/>
    <listofallmembers>
      <member refid="classItem_1aa565c4091f6ac0634d762fb250128cee" prot="protected" virt="non-virtual"><scope>Item</scope><name>durability_</name></member>
      <member refid="classGameObject_1ab4a9826131a3c4116970e4e1e70587ff" prot="protected" virt="non-virtual"><scope>Item</scope><name>GameObject</name></member>
      <member refid="classGameObject_1a00da4ea36f3945e1da1a2f81061b57d3" prot="public" virt="non-virtual"><scope>Item</scope><name>getCount</name></member>
      <member refid="classItem_1a26396e7bd1be4d8ab3590dfac9cbca39" prot="public" virt="non-virtual"><scope>Item</scope><name>getDurability</name></member>
      <member refid="classGameObject_1ab7c8021dd4caa10448c87396db933e94" prot="public" virt="non-virtual"><scope>Item</scope><name>getName</name></member>
      <member refid="classItem_1a426c7ad7c16a09129047060a04b94b81" prot="public" virt="non-virtual"><scope>Item</scope><name>Item</name></member>
      <member refid="classItem_1af07624523911254b4fad62612a2c2e8e" prot="public" virt="pure-virtual"><scope>Item</scope><name>receiveDamage</name></member>
      <member refid="classGameObject_1ab82dfdb656f9051c0587e6593b2dda97" prot="public" virt="virtual"><scope>Item</scope><name>~GameObject</name></member>
      <member refid="classItem_1a11663c84075b78c3ae5e30fdfcd7c458" prot="public" virt="virtual"><scope>Item</scope><name>~Item</name></member>
    </listofallmembers>
  </compounddef>
</doxygen>
