<?xml version='1.0' encoding='UTF-8' standalone='no'?>
<doxygen xmlns:xsi="http://www.w3.org/2001/XMLSchema-instance" xsi:noNamespaceSchemaLocation="compound.xsd" version="1.8.10">
  <compounddef id="compileCheck_8cpp" kind="file" language="C++">
    <compoundname>compileCheck.cpp</compoundname>
    <includes refid="Dweller_8h" local="yes">Dweller.h</includes>
    <includes refid="Outfit_8h" local="yes">Outfit.h</includes>
    <includes refid="Weapon_8h" local="yes">Weapon.h</includes>
    <includes refid="Item_8h" local="yes">Item.h</includes>
    <includes refid="GameObject_8h" local="yes">GameObject.h</includes>
    <includes refid="Vec2D_8h" local="yes">Vec2D.h</includes>
    <includes local="no">vector</includes>
    <incdepgraph>
      <node id="124">
        <label>Weapon.h</label>
        <link refid="Weapon_8h"/>
        <childnode refid="121" relation="include">
        </childnode>
      </node>
      <node id="120">
        <label>Outfit.h</label>
        <link refid="Outfit_8h"/>
        <childnode refid="121" relation="include">
        </childnode>
      </node>
      <node id="123">
        <label>string</label>
      </node>
      <node id="119">
        <label>Dweller.h</label>
        <link refid="Dweller_8h"/>
        <childnode refid="120" relation="include">
        </childnode>
        <childnode refid="124" relation="include">
        </childnode>
        <childnode refid="125" relation="include">
        </childnode>
      </node>
      <node id="118">
        <label>Assignmen01_150503N_NathanChia/compileCheck.cpp</label>
        <link refid="compileCheck.cpp"/>
        <childnode refid="119" relation="include">
        </childnode>
        <childnode refid="120" relation="include">
        </childnode>
        <childnode refid="124" relation="include">
        </childnode>
        <childnode refid="121" relation="include">
        </childnode>
        <childnode refid="122" relation="include">
        </childnode>
        <childnode refid="125" relation="include">
        </childnode>
        <childnode refid="126" relation="include">
        </childnode>
      </node>
      <node id="125">
        <label>Vec2D.h</label>
        <link refid="Vec2D_8h"/>
      </node>
      <node id="126">
        <label>vector</label>
      </node>
      <node id="121">
        <label>Item.h</label>
        <link refid="Item_8h"/>
        <childnode refid="122" relation="include">
        </childnode>
      </node>
      <node id="122">
        <label>GameObject.h</label>
        <link refid="GameObject_8h"/>
        <childnode refid="123" relation="include">
        </childnode>
      </node>
    </incdepgraph>
      <sectiondef kind="define">
      <memberdef kind="define" id="compileCheck_8cpp_1ac665e29bf2cc1ab7d8749c3a72296f3a" prot="public" static="no">
        <name>SHOULD_NOT_COMPILE</name>
        <briefdescription>
        </briefdescription>
        <detaileddescription>
        </detaileddescription>
        <inbodydescription>
        </inbodydescription>
        <location file="Assignmen01_150503N_NathanChia/compileCheck.cpp" line="77" column="9"/>
      </memberdef>
      </sectiondef>
      <sectiondef kind="func">
      <memberdef kind="function" id="compileCheck_8cpp_1a061a0bf10e22f8e495ab1e4060236d77" prot="public" static="no" const="no" explicit="no" inline="no" virt="non-virtual">
        <type>void</type>
        <definition>void testNames</definition>
        <argsstring>()</argsstring>
        <name>testNames</name>
        <briefdescription>
        </briefdescription>
        <detaileddescription>
        </detaileddescription>
        <inbodydescription>
        </inbodydescription>
        <location file="Assignmen01_150503N_NathanChia/compileCheck.cpp" line="11" column="1" bodyfile="Assignmen01_150503N_NathanChia/compileCheck.cpp" bodystart="11" bodyend="71"/>
        <references refid="classDweller_1a913253a2a69aa4076b808556fcc59ef7" compoundref="Dweller_8cpp" startline="280" endline="283">Dweller::addRadAway</references>
        <references refid="classDweller_1ad52bcb0cf23351d0aacb5d0458cd081b" compoundref="Dweller_8cpp" startline="264" endline="267">Dweller::addStimpak</references>
        <references refid="classDweller_1aac585b73527e14417f81b52b06282abd" compoundref="Dweller_8cpp" startline="331" endline="334">Dweller::assignOutfit</references>
        <references refid="classDweller_1ada9dea393dfde4052cfff6a43acc37bb" compoundref="Dweller_8cpp" startline="347" endline="350">Dweller::assignWeapon</references>
        <references refid="classWeapon_1aa68d843906315f5f97f85d464c865aef" compoundref="Weapon_8cpp" startline="47" endline="54">Weapon::getAttackDmg</references>
        <references refid="classDweller_1a7bb025bd8237c76efc510c603334906f" compoundref="Dweller_8cpp" startline="168" endline="171">Dweller::getAttackDmg</references>
        <references refid="classGameObject_1a00da4ea36f3945e1da1a2f81061b57d3" compoundref="GameObject_8cpp" startline="53" endline="56">GameObject::getCount</references>
        <references refid="classDweller_1af4683a57d847666230c652174721da72" compoundref="Dweller_8cpp" startline="136" endline="139">Dweller::getCurrentHealth</references>
        <references refid="classDweller_1a337769ac74f98a0a548cbc85aef3e9ae" compoundref="Dweller_8cpp" startline="152" endline="155">Dweller::getCurrentRadDamage</references>
        <references refid="classItem_1a26396e7bd1be4d8ab3590dfac9cbca39" compoundref="Item_8cpp" startline="45" endline="52">Item::getDurability</references>
        <references refid="classDweller_1a934158ebdf06d51169f33cfcdb61d29d" compoundref="Dweller_8cpp" startline="188" endline="191">Dweller::getPosition</references>
        <references refid="classOutfit_1ac62f8f308ad5a60cee90a9bfa8d70d4e" compoundref="Outift_8cpp" startline="45" endline="48">Outfit::getSPECIAL</references>
        <references refid="classDweller_1aee5683dcdaa052daac072cfdeb56df2f" compoundref="Dweller_8cpp" startline="52" endline="123">Dweller::getSPECIAL</references>
        <references refid="classDweller_1a33bb050f8dd1abba8428d5824ce9725f" compoundref="Dweller_8cpp" startline="362" endline="374">Dweller::isDead</references>
        <references refid="classOutfit_1a757380dfe425a928d6a1397d8b960956" compoundref="Outift_8cpp" startline="61" endline="64">Outfit::receiveDamage</references>
        <references refid="classItem_1af07624523911254b4fad62612a2c2e8e">Item::receiveDamage</references>
        <references refid="classWeapon_1a177eb2a97f4a93b04a18a83405871d43" compoundref="Weapon_8cpp" startline="67" endline="70">Weapon::receiveDamage</references>
        <references refid="classDweller_1a89b0288282e0ee80ecf36683ca4386d9" compoundref="Dweller_8cpp" startline="248" endline="251">Dweller::receiveEquipmentDamage</references>
        <references refid="classDweller_1abf9520f7fa4de6e1bc15343a2c9a2566" compoundref="Dweller_8cpp" startline="204" endline="211">Dweller::receiveHealthDamage</references>
        <references refid="classDweller_1a3546d82f9e018774b3e2ed0cf20a75e7" compoundref="Dweller_8cpp" startline="224" endline="235">Dweller::receiveRadDamage</references>
        <references refid="classDweller_1a4999597d6cfe8552d92c043fd01d38d0" compoundref="Dweller_8cpp" startline="184" endline="187">Dweller::setPosition</references>
        <references refid="classDweller_1ad76a3cd483840971553a615ceba34b5f" compoundref="Dweller_8cpp" startline="314" endline="318">Dweller::useRadAway</references>
        <references refid="classDweller_1a141c51a497020e45f3d1bf61c6f50167" compoundref="Dweller_8cpp" startline="297" endline="301">Dweller::useStimpak</references>
        <referencedby refid="main_8cpp_1ae66f6b31b5ad750f1fe042a706a4e3d4" compoundref="main_8cpp" startline="15" endline="27">main</referencedby>
      </memberdef>
      <memberdef kind="function" id="compileCheck_8cpp_1a0c7e39f3d69f0c6d2932550c2495bd3b" prot="public" static="no" const="no" explicit="no" inline="no" virt="non-virtual">
        <type>void</type>
        <definition>void shouldNotCompile</definition>
        <argsstring>()</argsstring>
        <name>shouldNotCompile</name>
        <briefdescription>
        </briefdescription>
        <detaileddescription>
        </detaileddescription>
        <inbodydescription>
        </inbodydescription>
        <location file="Assignmen01_150503N_NathanChia/compileCheck.cpp" line="73" column="1" bodyfile="Assignmen01_150503N_NathanChia/compileCheck.cpp" bodystart="73" bodyend="84"/>
        <referencedby refid="main_8cpp_1ae66f6b31b5ad750f1fe042a706a4e3d4" compoundref="main_8cpp" startline="15" endline="27">main</referencedby>
      </memberdef>
      </sectiondef>
    <briefdescription>
    </briefdescription>
    <detaileddescription>
    </detaileddescription>
    <programlisting>
<codeline lineno="1"><highlight class="preprocessor">#include<sp/>&quot;<ref refid="Dweller_8h" kindref="compound">Dweller.h</ref>&quot;</highlight><highlight class="normal"></highlight></codeline>
<codeline lineno="2"><highlight class="normal"></highlight><highlight class="preprocessor">#include<sp/>&quot;<ref refid="Outfit_8h" kindref="compound">Outfit.h</ref>&quot;</highlight><highlight class="normal"></highlight></codeline>
<codeline lineno="3"><highlight class="normal"></highlight><highlight class="preprocessor">#include<sp/>&quot;<ref refid="Weapon_8h" kindref="compound">Weapon.h</ref>&quot;</highlight><highlight class="normal"></highlight></codeline>
<codeline lineno="4"><highlight class="normal"></highlight><highlight class="preprocessor">#include<sp/>&quot;<ref refid="Item_8h" kindref="compound">Item.h</ref>&quot;</highlight><highlight class="normal"></highlight></codeline>
<codeline lineno="5"><highlight class="normal"></highlight><highlight class="preprocessor">#include<sp/>&quot;<ref refid="GameObject_8h" kindref="compound">GameObject.h</ref>&quot;</highlight><highlight class="normal"></highlight></codeline>
<codeline lineno="6"><highlight class="normal"></highlight><highlight class="preprocessor">#include<sp/>&quot;<ref refid="Vec2D_8h" kindref="compound">Vec2D.h</ref>&quot;</highlight><highlight class="normal"></highlight></codeline>
<codeline lineno="7"><highlight class="normal"></highlight></codeline>
<codeline lineno="8"><highlight class="normal"></highlight><highlight class="preprocessor">#include<sp/>&lt;vector&gt;</highlight><highlight class="normal"></highlight></codeline>
<codeline lineno="9"><highlight class="normal"></highlight><highlight class="keyword">using</highlight><highlight class="normal"><sp/>std::vector;</highlight></codeline>
<codeline lineno="10"><highlight class="normal"></highlight></codeline>
<codeline lineno="11" refid="main_8cpp_1a061a0bf10e22f8e495ab1e4060236d77" refkind="member"><highlight class="normal"></highlight><highlight class="keywordtype">void</highlight><highlight class="normal"><sp/><ref refid="compileCheck_8cpp_1a061a0bf10e22f8e495ab1e4060236d77" kindref="member">testNames</ref>()</highlight></codeline>
<codeline lineno="12"><highlight class="normal">{</highlight></codeline>
<codeline lineno="13"><highlight class="normal"><sp/><sp/><sp/><sp/><sp/><sp/><sp/><sp/><ref refid="classDweller" kindref="compound">Dweller</ref><sp/>*d<sp/>=<sp/></highlight><highlight class="keyword">new</highlight><highlight class="normal"><sp/><ref refid="classDweller" kindref="compound">Dweller</ref>(</highlight><highlight class="stringliteral">&quot;Pip-Boy&quot;</highlight><highlight class="normal">,<sp/>2222222);</highlight></codeline>
<codeline lineno="14"><highlight class="normal"><sp/><sp/><sp/><sp/><sp/><sp/><sp/><sp/><ref refid="classOutfit" kindref="compound">Outfit</ref><sp/>*o<sp/>=<sp/></highlight><highlight class="keyword">new</highlight><highlight class="normal"><sp/><ref refid="classOutfit" kindref="compound">Outfit</ref>(</highlight><highlight class="stringliteral">&quot;Minuteman&quot;</highlight><highlight class="normal">,<sp/>10,<sp/>2200220);</highlight></codeline>
<codeline lineno="15"><highlight class="normal"><sp/><sp/><sp/><sp/><sp/><sp/><sp/><sp/><ref refid="classWeapon" kindref="compound">Weapon</ref><sp/>*w<sp/>=<sp/></highlight><highlight class="keyword">new</highlight><highlight class="normal"><sp/><ref refid="classWeapon" kindref="compound">Weapon</ref>(</highlight><highlight class="stringliteral">&quot;Gauss&quot;</highlight><highlight class="normal">,<sp/>16,<sp/>16);</highlight></codeline>
<codeline lineno="16"><highlight class="normal"><sp/><sp/><sp/><sp/><sp/><sp/><sp/><sp/><ref refid="structVec2D" kindref="compound">Vec2D</ref><sp/>currentPos(3.54,<sp/>6.32);</highlight></codeline>
<codeline lineno="17"><highlight class="normal"></highlight></codeline>
<codeline lineno="18"><highlight class="normal"><sp/><sp/><sp/><sp/><sp/><sp/><sp/><sp/></highlight><highlight class="comment">//<sp/>hold<sp/>a<sp/>list<sp/>of<sp/>game<sp/>objects<sp/>that<sp/>was<sp/>instantiated.</highlight><highlight class="normal"></highlight></codeline>
<codeline lineno="19"><highlight class="normal"><sp/><sp/><sp/><sp/><sp/><sp/><sp/><sp/>vector&lt;GameObject<sp/>*&gt;<sp/>gameObjectList;</highlight></codeline>
<codeline lineno="20"><highlight class="normal"><sp/><sp/><sp/><sp/><sp/><sp/><sp/><sp/>gameObjectList.push_back(d);</highlight></codeline>
<codeline lineno="21"><highlight class="normal"><sp/><sp/><sp/><sp/><sp/><sp/><sp/><sp/>gameObjectList.push_back(o);</highlight></codeline>
<codeline lineno="22"><highlight class="normal"><sp/><sp/><sp/><sp/><sp/><sp/><sp/><sp/>gameObjectList.push_back(w);</highlight></codeline>
<codeline lineno="23"><highlight class="normal"></highlight></codeline>
<codeline lineno="24"><highlight class="normal"><sp/><sp/><sp/><sp/><sp/><sp/><sp/><sp/></highlight><highlight class="comment">//<sp/>test<sp/>Dweller<sp/>public<sp/>functions</highlight><highlight class="normal"></highlight></codeline>
<codeline lineno="25"><highlight class="normal"><sp/><sp/><sp/><sp/><sp/><sp/><sp/><sp/>d-&gt;<ref refid="classDweller_1aee5683dcdaa052daac072cfdeb56df2f" kindref="member">getSPECIAL</ref>();</highlight></codeline>
<codeline lineno="26"><highlight class="normal"><sp/><sp/><sp/><sp/><sp/><sp/><sp/><sp/>d-&gt;<ref refid="classDweller_1af4683a57d847666230c652174721da72" kindref="member">getCurrentHealth</ref>();</highlight></codeline>
<codeline lineno="27"><highlight class="normal"><sp/><sp/><sp/><sp/><sp/><sp/><sp/><sp/>d-&gt;<ref refid="classDweller_1a337769ac74f98a0a548cbc85aef3e9ae" kindref="member">getCurrentRadDamage</ref>();</highlight></codeline>
<codeline lineno="28"><highlight class="normal"><sp/><sp/><sp/><sp/><sp/><sp/><sp/><sp/>d-&gt;<ref refid="classDweller_1a7bb025bd8237c76efc510c603334906f" kindref="member">getAttackDmg</ref>();</highlight></codeline>
<codeline lineno="29"><highlight class="normal"><sp/><sp/><sp/><sp/><sp/><sp/><sp/><sp/>d-&gt;<ref refid="classDweller_1a4999597d6cfe8552d92c043fd01d38d0" kindref="member">setPosition</ref>(currentPos);</highlight></codeline>
<codeline lineno="30"><highlight class="normal"><sp/><sp/><sp/><sp/><sp/><sp/><sp/><sp/>d-&gt;<ref refid="classDweller_1a934158ebdf06d51169f33cfcdb61d29d" kindref="member">getPosition</ref>();</highlight></codeline>
<codeline lineno="31"><highlight class="normal"><sp/><sp/><sp/><sp/><sp/><sp/><sp/><sp/>d-&gt;<ref refid="classDweller_1abf9520f7fa4de6e1bc15343a2c9a2566" kindref="member">receiveHealthDamage</ref>(13);</highlight></codeline>
<codeline lineno="32"><highlight class="normal"><sp/><sp/><sp/><sp/><sp/><sp/><sp/><sp/>d-&gt;<ref refid="classDweller_1a3546d82f9e018774b3e2ed0cf20a75e7" kindref="member">receiveRadDamage</ref>(15);</highlight></codeline>
<codeline lineno="33"><highlight class="normal"><sp/><sp/><sp/><sp/><sp/><sp/><sp/><sp/>d-&gt;<ref refid="classDweller_1a89b0288282e0ee80ecf36683ca4386d9" kindref="member">receiveEquipmentDamage</ref>(4);</highlight></codeline>
<codeline lineno="34"><highlight class="normal"><sp/><sp/><sp/><sp/><sp/><sp/><sp/><sp/>d-&gt;<ref refid="classDweller_1ad52bcb0cf23351d0aacb5d0458cd081b" kindref="member">addStimpak</ref>(2);</highlight></codeline>
<codeline lineno="35"><highlight class="normal"><sp/><sp/><sp/><sp/><sp/><sp/><sp/><sp/>d-&gt;<ref refid="classDweller_1a913253a2a69aa4076b808556fcc59ef7" kindref="member">addRadAway</ref>(5);</highlight></codeline>
<codeline lineno="36"><highlight class="normal"><sp/><sp/><sp/><sp/><sp/><sp/><sp/><sp/>d-&gt;<ref refid="classDweller_1a141c51a497020e45f3d1bf61c6f50167" kindref="member">useStimpak</ref>();</highlight></codeline>
<codeline lineno="37"><highlight class="normal"><sp/><sp/><sp/><sp/><sp/><sp/><sp/><sp/>d-&gt;<ref refid="classDweller_1ad76a3cd483840971553a615ceba34b5f" kindref="member">useRadAway</ref>();</highlight></codeline>
<codeline lineno="38"><highlight class="normal"><sp/><sp/><sp/><sp/><sp/><sp/><sp/><sp/>d-&gt;<ref refid="classDweller_1aac585b73527e14417f81b52b06282abd" kindref="member">assignOutfit</ref>(o);</highlight></codeline>
<codeline lineno="39"><highlight class="normal"><sp/><sp/><sp/><sp/><sp/><sp/><sp/><sp/>d-&gt;<ref refid="classDweller_1ada9dea393dfde4052cfff6a43acc37bb" kindref="member">assignWeapon</ref>(w);</highlight></codeline>
<codeline lineno="40"><highlight class="normal"><sp/><sp/><sp/><sp/><sp/><sp/><sp/><sp/>d-&gt;<ref refid="classDweller_1a33bb050f8dd1abba8428d5824ce9725f" kindref="member">isDead</ref>();</highlight></codeline>
<codeline lineno="41"><highlight class="normal"></highlight></codeline>
<codeline lineno="42"><highlight class="normal"><sp/><sp/><sp/><sp/><sp/><sp/><sp/><sp/></highlight><highlight class="comment">//<sp/>test<sp/>Outfit<sp/>public<sp/>functions</highlight><highlight class="normal"></highlight></codeline>
<codeline lineno="43"><highlight class="normal"><sp/><sp/><sp/><sp/><sp/><sp/><sp/><sp/>o-&gt;<ref refid="classOutfit_1ac62f8f308ad5a60cee90a9bfa8d70d4e" kindref="member">getSPECIAL</ref>();</highlight></codeline>
<codeline lineno="44"><highlight class="normal"><sp/><sp/><sp/><sp/><sp/><sp/><sp/><sp/>o-&gt;<ref refid="classOutfit_1a757380dfe425a928d6a1397d8b960956" kindref="member">receiveDamage</ref>(1);</highlight></codeline>
<codeline lineno="45"><highlight class="normal"></highlight></codeline>
<codeline lineno="46"><highlight class="normal"><sp/><sp/><sp/><sp/><sp/><sp/><sp/><sp/></highlight><highlight class="comment">//<sp/>test<sp/>Weapon<sp/>public<sp/>functions</highlight><highlight class="normal"></highlight></codeline>
<codeline lineno="47"><highlight class="normal"><sp/><sp/><sp/><sp/><sp/><sp/><sp/><sp/>w-&gt;<ref refid="classWeapon_1aa68d843906315f5f97f85d464c865aef" kindref="member">getAttackDmg</ref>();</highlight></codeline>
<codeline lineno="48"><highlight class="normal"><sp/><sp/><sp/><sp/><sp/><sp/><sp/><sp/>w-&gt;<ref refid="classWeapon_1a177eb2a97f4a93b04a18a83405871d43" kindref="member">receiveDamage</ref>(1);</highlight></codeline>
<codeline lineno="49"><highlight class="normal"></highlight></codeline>
<codeline lineno="50"><highlight class="normal"><sp/><sp/><sp/><sp/><sp/><sp/><sp/><sp/></highlight><highlight class="comment">//<sp/>test<sp/>Item<sp/>inheritance</highlight><highlight class="normal"></highlight></codeline>
<codeline lineno="51"><highlight class="normal"><sp/><sp/><sp/><sp/><sp/><sp/><sp/><sp/><ref refid="classItem" kindref="compound">Item</ref><sp/>*i<sp/>=<sp/>o;</highlight></codeline>
<codeline lineno="52"><highlight class="normal"><sp/><sp/><sp/><sp/><sp/><sp/><sp/><sp/>i-&gt;<ref refid="classItem_1a26396e7bd1be4d8ab3590dfac9cbca39" kindref="member">getDurability</ref>();</highlight></codeline>
<codeline lineno="53"><highlight class="normal"><sp/><sp/><sp/><sp/><sp/><sp/><sp/><sp/>i-&gt;<ref refid="classItem_1af07624523911254b4fad62612a2c2e8e" kindref="member">receiveDamage</ref>(1);</highlight></codeline>
<codeline lineno="54"><highlight class="normal"></highlight></codeline>
<codeline lineno="55"><highlight class="normal"><sp/><sp/><sp/><sp/><sp/><sp/><sp/><sp/>i<sp/>=<sp/>w;</highlight></codeline>
<codeline lineno="56"><highlight class="normal"><sp/><sp/><sp/><sp/><sp/><sp/><sp/><sp/>i-&gt;<ref refid="classItem_1a26396e7bd1be4d8ab3590dfac9cbca39" kindref="member">getDurability</ref>();</highlight></codeline>
<codeline lineno="57"><highlight class="normal"><sp/><sp/><sp/><sp/><sp/><sp/><sp/><sp/>i-&gt;<ref refid="classItem_1af07624523911254b4fad62612a2c2e8e" kindref="member">receiveDamage</ref>(1);</highlight></codeline>
<codeline lineno="58"><highlight class="normal"></highlight></codeline>
<codeline lineno="59"><highlight class="normal"><sp/><sp/><sp/><sp/><sp/><sp/><sp/><sp/></highlight><highlight class="comment">//<sp/>test<sp/>game<sp/>object<sp/>inheritance</highlight><highlight class="normal"></highlight></codeline>
<codeline lineno="60"><highlight class="normal"><sp/><sp/><sp/><sp/><sp/><sp/><sp/><sp/></highlight><highlight class="keywordflow">for</highlight><highlight class="normal"><sp/>(</highlight><highlight class="keyword">auto</highlight><highlight class="normal"><sp/>go<sp/>:<sp/>gameObjectList)</highlight></codeline>
<codeline lineno="61"><highlight class="normal"><sp/><sp/><sp/><sp/><sp/><sp/><sp/><sp/>{</highlight></codeline>
<codeline lineno="62"><highlight class="normal"><sp/><sp/><sp/><sp/><sp/><sp/><sp/><sp/><sp/><sp/><sp/><sp/><sp/><sp/><sp/><sp/>go-&gt;getName();</highlight></codeline>
<codeline lineno="63"><highlight class="normal"><sp/><sp/><sp/><sp/><sp/><sp/><sp/><sp/>}</highlight></codeline>
<codeline lineno="64"><highlight class="normal"><sp/><sp/><sp/><sp/><sp/><sp/><sp/><sp/><ref refid="classGameObject_1a00da4ea36f3945e1da1a2f81061b57d3" kindref="member">GameObject::getCount</ref>();</highlight></codeline>
<codeline lineno="65"><highlight class="normal"></highlight></codeline>
<codeline lineno="66"><highlight class="normal"><sp/><sp/><sp/><sp/><sp/><sp/><sp/><sp/></highlight><highlight class="comment">//<sp/>release<sp/>the<sp/>memory</highlight><highlight class="normal"></highlight></codeline>
<codeline lineno="67"><highlight class="normal"><sp/><sp/><sp/><sp/><sp/><sp/><sp/><sp/></highlight><highlight class="keywordflow">for</highlight><highlight class="normal"><sp/>(</highlight><highlight class="keyword">auto</highlight><highlight class="normal"><sp/>go<sp/>:<sp/>gameObjectList)</highlight></codeline>
<codeline lineno="68"><highlight class="normal"><sp/><sp/><sp/><sp/><sp/><sp/><sp/><sp/>{</highlight></codeline>
<codeline lineno="69"><highlight class="normal"><sp/><sp/><sp/><sp/><sp/><sp/><sp/><sp/><sp/><sp/><sp/><sp/><sp/><sp/><sp/><sp/></highlight><highlight class="keyword">delete</highlight><highlight class="normal"><sp/>go;</highlight></codeline>
<codeline lineno="70"><highlight class="normal"><sp/><sp/><sp/><sp/><sp/><sp/><sp/><sp/>}</highlight></codeline>
<codeline lineno="71"><highlight class="normal">}</highlight></codeline>
<codeline lineno="72"><highlight class="normal"></highlight></codeline>
<codeline lineno="73" refid="main_8cpp_1a0c7e39f3d69f0c6d2932550c2495bd3b" refkind="member"><highlight class="normal"></highlight><highlight class="keywordtype">void</highlight><highlight class="normal"><sp/><ref refid="compileCheck_8cpp_1a0c7e39f3d69f0c6d2932550c2495bd3b" kindref="member">shouldNotCompile</ref>()</highlight></codeline>
<codeline lineno="74"><highlight class="normal">{</highlight></codeline>
<codeline lineno="75"><highlight class="normal"><sp/><sp/><sp/><sp/><sp/><sp/><sp/><sp/></highlight><highlight class="comment">//<sp/>comment<sp/>out<sp/>the<sp/>#define<sp/>line<sp/>below<sp/>to<sp/>test<sp/>out<sp/>all<sp/>the<sp/>cases<sp/>that<sp/>should<sp/>not<sp/>compile</highlight><highlight class="normal"></highlight></codeline>
<codeline lineno="76"><highlight class="normal"><sp/><sp/><sp/><sp/><sp/><sp/><sp/><sp/></highlight><highlight class="comment">//<sp/>You<sp/>can<sp/>also<sp/>comment<sp/>out<sp/>individual<sp/>lines<sp/>in<sp/>case<sp/>there<sp/>are<sp/>too<sp/>many<sp/>errors<sp/>for<sp/>you<sp/>to<sp/>check<sp/>through</highlight><highlight class="normal"></highlight></codeline>
<codeline lineno="77"><highlight class="normal"></highlight><highlight class="preprocessor">#define<sp/>SHOULD_NOT_COMPILE</highlight><highlight class="normal"></highlight></codeline>
<codeline lineno="78"><highlight class="normal"></highlight><highlight class="preprocessor">#ifndef<sp/>SHOULD_NOT_COMPILE</highlight><highlight class="normal"></highlight></codeline>
<codeline lineno="79"><highlight class="normal"><sp/><sp/><sp/><sp/><sp/><sp/><sp/><sp/><ref refid="classGameObject" kindref="compound">GameObject</ref><sp/>go;</highlight></codeline>
<codeline lineno="80"><highlight class="normal"><sp/><sp/><sp/><sp/><sp/><sp/><sp/><sp/><ref refid="classItem" kindref="compound">Item</ref><sp/>i;</highlight></codeline>
<codeline lineno="81"><highlight class="normal"></highlight></codeline>
<codeline lineno="82"><highlight class="normal"></highlight></codeline>
<codeline lineno="83"><highlight class="normal"></highlight><highlight class="preprocessor">#endif</highlight></codeline>
<codeline lineno="84"><highlight class="preprocessor">}</highlight></codeline>
    </programlisting>
    <location file="Assignmen01_150503N_NathanChia/compileCheck.cpp"/>
  </compounddef>
</doxygen>
