<?xml version='1.0' encoding='UTF-8' standalone='no'?>
<doxygen xmlns:xsi="http://www.w3.org/2001/XMLSchema-instance" xsi:noNamespaceSchemaLocation="compound.xsd" version="1.8.10">
  <compounddef id="dir_d23e4d90c9f8843aff56c5d77f619cf6" kind="dir">
    <compoundname>Assignmen01_150503N_NathanChia</compoundname>
    <innerfile refid="compileCheck_8cpp">compileCheck.cpp</innerfile>
    <innerfile refid="Dweller_8cpp">Dweller.cpp</innerfile>
    <innerfile refid="Dweller_8h">Dweller.h</innerfile>
    <innerfile refid="GameObject_8cpp">GameObject.cpp</innerfile>
    <innerfile refid="GameObject_8h">GameObject.h</innerfile>
    <innerfile refid="Item_8cpp">Item.cpp</innerfile>
    <innerfile refid="Item_8h">Item.h</innerfile>
    <innerfile refid="main_8cpp">main.cpp</innerfile>
    <innerfile refid="Outfit_8h">Outfit.h</innerfile>
    <innerfile refid="Outift_8cpp">Outift.cpp</innerfile>
    <innerfile refid="Vec2D_8cpp">Vec2D.cpp</innerfile>
    <innerfile refid="Vec2D_8h">Vec2D.h</innerfile>
    <innerfile refid="Weapon_8cpp">Weapon.cpp</innerfile>
    <innerfile refid="Weapon_8h">Weapon.h</innerfile>
    <briefdescription>
    </briefdescription>
    <detaileddescription>
    </detaileddescription>
    <location file="Assignmen01_150503N_NathanChia/"/>
  </compounddef>
</doxygen>
