<?xml version='1.0' encoding='UTF-8' standalone='no'?>
<doxygen xmlns:xsi="http://www.w3.org/2001/XMLSchema-instance" xsi:noNamespaceSchemaLocation="compound.xsd" version="1.8.10">
  <compounddef id="Dweller_8h" kind="file" language="C++">
    <compoundname>Dweller.h</compoundname>
    <includes refid="Outfit_8h" local="yes">Outfit.h</includes>
    <includes refid="Weapon_8h" local="yes">Weapon.h</includes>
    <includes refid="Vec2D_8h" local="yes">Vec2D.h</includes>
    <includedby refid="compileCheck_8cpp" local="yes">Assignmen01_150503N_NathanChia/compileCheck.cpp</includedby>
    <includedby refid="Dweller_8cpp" local="yes">Assignmen01_150503N_NathanChia/Dweller.cpp</includedby>
    <includedby refid="main_8cpp" local="yes">Assignmen01_150503N_NathanChia/main.cpp</includedby>
    <incdepgraph>
      <node id="142">
        <label>Weapon.h</label>
        <link refid="Weapon_8h"/>
        <childnode refid="139" relation="include">
        </childnode>
      </node>
      <node id="138">
        <label>Outfit.h</label>
        <link refid="Outfit_8h"/>
        <childnode refid="139" relation="include">
        </childnode>
      </node>
      <node id="141">
        <label>string</label>
      </node>
      <node id="137">
        <label>Assignmen01_150503N_NathanChia/Dweller.h</label>
        <link refid="Dweller.h"/>
        <childnode refid="138" relation="include">
        </childnode>
        <childnode refid="142" relation="include">
        </childnode>
        <childnode refid="143" relation="include">
        </childnode>
      </node>
      <node id="143">
        <label>Vec2D.h</label>
        <link refid="Vec2D_8h"/>
      </node>
      <node id="139">
        <label>Item.h</label>
        <link refid="Item_8h"/>
        <childnode refid="140" relation="include">
        </childnode>
      </node>
      <node id="140">
        <label>GameObject.h</label>
        <link refid="GameObject_8h"/>
        <childnode refid="141" relation="include">
        </childnode>
      </node>
    </incdepgraph>
    <invincdepgraph>
      <node id="146">
        <label>Assignmen01_150503N_NathanChia/Dweller.cpp</label>
        <link refid="Dweller_8cpp"/>
      </node>
      <node id="147">
        <label>Assignmen01_150503N_NathanChia/main.cpp</label>
        <link refid="main_8cpp"/>
      </node>
      <node id="144">
        <label>Assignmen01_150503N_NathanChia/Dweller.h</label>
        <link refid="Dweller.h"/>
        <childnode refid="145" relation="include">
        </childnode>
        <childnode refid="146" relation="include">
        </childnode>
        <childnode refid="147" relation="include">
        </childnode>
      </node>
      <node id="145">
        <label>Assignmen01_150503N_NathanChia/compileCheck.cpp</label>
        <link refid="compileCheck_8cpp"/>
      </node>
    </invincdepgraph>
    <innerclass refid="classDweller" prot="public">Dweller</innerclass>
    <briefdescription>
<para>Class to define a player/character. </para>    </briefdescription>
    <detaileddescription>
<para><simplesect kind="author"><para>Nathan Chia </para></simplesect>
<simplesect kind="par"><title>email: 150503N.nyp.edu.sg</title><para></para></simplesect>
</para>    </detaileddescription>
    <programlisting>
<codeline lineno="1"><highlight class="comment">/****************************************************************************/</highlight></codeline>
<codeline lineno="9"><highlight class="comment">/****************************************************************************/</highlight><highlight class="normal"></highlight></codeline>
<codeline lineno="10"><highlight class="normal"></highlight><highlight class="preprocessor">#ifndef<sp/>DWELLER_H_</highlight><highlight class="normal"></highlight></codeline>
<codeline lineno="11"><highlight class="normal"></highlight><highlight class="preprocessor">#define<sp/>DWELLER_H_</highlight><highlight class="normal"></highlight></codeline>
<codeline lineno="12"><highlight class="normal"></highlight><highlight class="preprocessor">#include<sp/>&quot;<ref refid="Outfit_8h" kindref="compound">Outfit.h</ref>&quot;</highlight><highlight class="normal"></highlight></codeline>
<codeline lineno="13"><highlight class="normal"></highlight><highlight class="preprocessor">#include<sp/>&quot;<ref refid="Weapon_8h" kindref="compound">Weapon.h</ref>&quot;</highlight><highlight class="normal"></highlight></codeline>
<codeline lineno="14"><highlight class="normal"></highlight><highlight class="preprocessor">#include<sp/>&quot;<ref refid="Vec2D_8h" kindref="compound">Vec2D.h</ref>&quot;</highlight><highlight class="normal"></highlight></codeline>
<codeline lineno="15"><highlight class="normal"></highlight><highlight class="comment">/****************************************************************************/</highlight></codeline>
<codeline lineno="20"><highlight class="comment">/****************************************************************************/</highlight><highlight class="normal"></highlight></codeline>
<codeline lineno="21" refid="classDweller" refkind="compound"><highlight class="normal"></highlight><highlight class="keyword">class<sp/></highlight><highlight class="normal"><ref refid="classDweller" kindref="compound">Dweller</ref><sp/>:<sp/></highlight><highlight class="keyword">public</highlight><highlight class="normal"><sp/><ref refid="classGameObject" kindref="compound">GameObject</ref></highlight></codeline>
<codeline lineno="22"><highlight class="normal">{</highlight></codeline>
<codeline lineno="23"><highlight class="normal"></highlight><highlight class="keyword">private</highlight><highlight class="normal">:</highlight></codeline>
<codeline lineno="24" refid="classDweller_1ad769b02386e2060776276f64194811a2" refkind="member"><highlight class="normal"><sp/><sp/><sp/><sp/><sp/><sp/><sp/><sp/><ref refid="structVec2D" kindref="compound">Vec2D</ref><sp/><ref refid="classDweller_1ad769b02386e2060776276f64194811a2" kindref="member">position_</ref>;</highlight></codeline>
<codeline lineno="25" refid="classDweller_1adddef783da3277fdee6c05c9b7c40742" refkind="member"><highlight class="normal"><sp/><sp/><sp/><sp/><sp/><sp/><sp/><sp/></highlight><highlight class="keywordtype">int</highlight><highlight class="normal"><sp/><ref refid="classDweller_1adddef783da3277fdee6c05c9b7c40742" kindref="member">SPECIAL_</ref>;</highlight></codeline>
<codeline lineno="26" refid="classDweller_1aff75dc01658d330e51043b86c8ec3e21" refkind="member"><highlight class="normal"><sp/><sp/><sp/><sp/><sp/><sp/><sp/><sp/></highlight><highlight class="keywordtype">int</highlight><highlight class="normal"><sp/><ref refid="classDweller_1aff75dc01658d330e51043b86c8ec3e21" kindref="member">health_</ref>;</highlight></codeline>
<codeline lineno="27" refid="classDweller_1a82ec290d32407101daa1ce99f951f1c9" refkind="member"><highlight class="normal"><sp/><sp/><sp/><sp/><sp/><sp/><sp/><sp/></highlight><highlight class="keywordtype">int</highlight><highlight class="normal"><sp/><ref refid="classDweller_1a82ec290d32407101daa1ce99f951f1c9" kindref="member">radiation_</ref>;</highlight></codeline>
<codeline lineno="28" refid="classDweller_1a6222543be35513cc47fada0a5bf3547b" refkind="member"><highlight class="normal"><sp/><sp/><sp/><sp/><sp/><sp/><sp/><sp/></highlight><highlight class="keywordtype">int</highlight><highlight class="normal"><sp/><ref refid="classDweller_1a6222543be35513cc47fada0a5bf3547b" kindref="member">stimpak_</ref>;</highlight></codeline>
<codeline lineno="29" refid="classDweller_1ad906d73273266b219b7efa2241720601" refkind="member"><highlight class="normal"><sp/><sp/><sp/><sp/><sp/><sp/><sp/><sp/></highlight><highlight class="keywordtype">int</highlight><highlight class="normal"><sp/><ref refid="classDweller_1ad906d73273266b219b7efa2241720601" kindref="member">radaway_</ref>;</highlight></codeline>
<codeline lineno="30" refid="classDweller_1ae660ab1a0a063d9c0d0e075cc66dea87" refkind="member"><highlight class="normal"><sp/><sp/><sp/><sp/><sp/><sp/><sp/><sp/><ref refid="classOutfit" kindref="compound">Outfit</ref>*<sp/><ref refid="classDweller_1ae660ab1a0a063d9c0d0e075cc66dea87" kindref="member">outfit_</ref>;</highlight></codeline>
<codeline lineno="31" refid="classDweller_1a9de50e9f37c490934b9bdc8e258d4382" refkind="member"><highlight class="normal"><sp/><sp/><sp/><sp/><sp/><sp/><sp/><sp/><ref refid="classWeapon" kindref="compound">Weapon</ref>*<sp/><ref refid="classDweller_1a9de50e9f37c490934b9bdc8e258d4382" kindref="member">weapon_</ref>;</highlight></codeline>
<codeline lineno="32"><highlight class="normal"></highlight><highlight class="keyword">protected</highlight><highlight class="normal">:</highlight></codeline>
<codeline lineno="33"><highlight class="normal"></highlight><highlight class="keyword">public</highlight><highlight class="normal">:</highlight></codeline>
<codeline lineno="34"><highlight class="normal"><sp/><sp/><sp/><sp/><sp/><sp/><sp/><sp/><ref refid="classDweller_1a945463f38d3355b39be69edccad1b749" kindref="member">Dweller</ref>(</highlight><highlight class="keyword">const</highlight><highlight class="normal"><sp/></highlight><highlight class="keywordtype">string</highlight><highlight class="normal">&amp;,<sp/></highlight><highlight class="keyword">const</highlight><highlight class="normal"><sp/></highlight><highlight class="keywordtype">int</highlight><highlight class="normal">&amp;);</highlight></codeline>
<codeline lineno="35"><highlight class="normal"><sp/><sp/><sp/><sp/><sp/><sp/><sp/><sp/></highlight><highlight class="keyword">virtual</highlight><highlight class="normal"><sp/><ref refid="classDweller_1a2499017d809b7b72f1647eafc0107f1e" kindref="member">~Dweller</ref>();</highlight></codeline>
<codeline lineno="36"><highlight class="normal"><sp/><sp/><sp/><sp/><sp/><sp/><sp/><sp/></highlight><highlight class="keyword">const</highlight><highlight class="normal"><sp/></highlight><highlight class="keywordtype">int</highlight><highlight class="normal"><sp/><ref refid="classDweller_1aee5683dcdaa052daac072cfdeb56df2f" kindref="member">getSPECIAL</ref>();</highlight></codeline>
<codeline lineno="37"><highlight class="normal"><sp/><sp/><sp/><sp/><sp/><sp/><sp/><sp/></highlight><highlight class="keyword">const</highlight><highlight class="normal"><sp/></highlight><highlight class="keywordtype">int</highlight><highlight class="normal"><sp/><ref refid="classDweller_1af4683a57d847666230c652174721da72" kindref="member">getCurrentHealth</ref>();</highlight></codeline>
<codeline lineno="38"><highlight class="normal"><sp/><sp/><sp/><sp/><sp/><sp/><sp/><sp/></highlight><highlight class="keyword">const</highlight><highlight class="normal"><sp/></highlight><highlight class="keywordtype">int</highlight><highlight class="normal"><sp/><ref refid="classDweller_1a337769ac74f98a0a548cbc85aef3e9ae" kindref="member">getCurrentRadDamage</ref>();</highlight></codeline>
<codeline lineno="39"><highlight class="normal"><sp/><sp/><sp/><sp/><sp/><sp/><sp/><sp/></highlight><highlight class="keyword">const</highlight><highlight class="normal"><sp/></highlight><highlight class="keywordtype">int</highlight><highlight class="normal"><sp/><ref refid="classDweller_1a7bb025bd8237c76efc510c603334906f" kindref="member">getAttackDmg</ref>();</highlight></codeline>
<codeline lineno="40"><highlight class="normal"><sp/><sp/><sp/><sp/><sp/><sp/><sp/><sp/></highlight><highlight class="keywordtype">void</highlight><highlight class="normal"><sp/><ref refid="classDweller_1a4999597d6cfe8552d92c043fd01d38d0" kindref="member">setPosition</ref>(</highlight><highlight class="keyword">const</highlight><highlight class="normal"><sp/><ref refid="structVec2D" kindref="compound">Vec2D</ref>&amp;);</highlight></codeline>
<codeline lineno="41"><highlight class="normal"><sp/><sp/><sp/><sp/><sp/><sp/><sp/><sp/></highlight><highlight class="keyword">const</highlight><highlight class="normal"><sp/><ref refid="structVec2D" kindref="compound">Vec2D</ref><sp/><ref refid="classDweller_1a934158ebdf06d51169f33cfcdb61d29d" kindref="member">getPosition</ref>();</highlight></codeline>
<codeline lineno="42"><highlight class="normal"><sp/><sp/><sp/><sp/><sp/><sp/><sp/><sp/></highlight><highlight class="keywordtype">void</highlight><highlight class="normal"><sp/><ref refid="classDweller_1abf9520f7fa4de6e1bc15343a2c9a2566" kindref="member">receiveHealthDamage</ref>(</highlight><highlight class="keyword">const</highlight><highlight class="normal"><sp/></highlight><highlight class="keywordtype">int</highlight><highlight class="normal">&amp;);</highlight></codeline>
<codeline lineno="43"><highlight class="normal"><sp/><sp/><sp/><sp/><sp/><sp/><sp/><sp/></highlight><highlight class="keywordtype">void</highlight><highlight class="normal"><sp/><ref refid="classDweller_1a3546d82f9e018774b3e2ed0cf20a75e7" kindref="member">receiveRadDamage</ref>(</highlight><highlight class="keyword">const</highlight><highlight class="normal"><sp/></highlight><highlight class="keywordtype">int</highlight><highlight class="normal">&amp;);</highlight></codeline>
<codeline lineno="44"><highlight class="normal"><sp/><sp/><sp/><sp/><sp/><sp/><sp/><sp/></highlight><highlight class="keywordtype">void</highlight><highlight class="normal"><sp/><ref refid="classDweller_1a89b0288282e0ee80ecf36683ca4386d9" kindref="member">receiveEquipmentDamage</ref>(</highlight><highlight class="keyword">const</highlight><highlight class="normal"><sp/></highlight><highlight class="keywordtype">int</highlight><highlight class="normal">&amp;);</highlight></codeline>
<codeline lineno="45"><highlight class="normal"><sp/><sp/><sp/><sp/><sp/><sp/><sp/><sp/></highlight><highlight class="keywordtype">void</highlight><highlight class="normal"><sp/><ref refid="classDweller_1ad52bcb0cf23351d0aacb5d0458cd081b" kindref="member">addStimpak</ref>(</highlight><highlight class="keyword">const</highlight><highlight class="normal"><sp/></highlight><highlight class="keywordtype">int</highlight><highlight class="normal">&amp;);</highlight></codeline>
<codeline lineno="46"><highlight class="normal"><sp/><sp/><sp/><sp/><sp/><sp/><sp/><sp/></highlight><highlight class="keywordtype">void</highlight><highlight class="normal"><sp/><ref refid="classDweller_1a913253a2a69aa4076b808556fcc59ef7" kindref="member">addRadAway</ref>(</highlight><highlight class="keyword">const</highlight><highlight class="normal"><sp/></highlight><highlight class="keywordtype">int</highlight><highlight class="normal">&amp;);</highlight></codeline>
<codeline lineno="47"><highlight class="normal"><sp/><sp/><sp/><sp/><sp/><sp/><sp/><sp/></highlight><highlight class="keywordtype">void</highlight><highlight class="normal"><sp/><ref refid="classDweller_1a141c51a497020e45f3d1bf61c6f50167" kindref="member">useStimpak</ref>();</highlight></codeline>
<codeline lineno="48"><highlight class="normal"><sp/><sp/><sp/><sp/><sp/><sp/><sp/><sp/></highlight><highlight class="keywordtype">void</highlight><highlight class="normal"><sp/><ref refid="classDweller_1ad76a3cd483840971553a615ceba34b5f" kindref="member">useRadAway</ref>();</highlight></codeline>
<codeline lineno="49"><highlight class="normal"><sp/><sp/><sp/><sp/><sp/><sp/><sp/><sp/><ref refid="classOutfit" kindref="compound">Outfit</ref>*<sp/><ref refid="classDweller_1aac585b73527e14417f81b52b06282abd" kindref="member">assignOutfit</ref>(<ref refid="classOutfit" kindref="compound">Outfit</ref>*);</highlight></codeline>
<codeline lineno="50"><highlight class="normal"><sp/><sp/><sp/><sp/><sp/><sp/><sp/><sp/><ref refid="classWeapon" kindref="compound">Weapon</ref>*<sp/><ref refid="classDweller_1ada9dea393dfde4052cfff6a43acc37bb" kindref="member">assignWeapon</ref>(<ref refid="classWeapon" kindref="compound">Weapon</ref>*);</highlight></codeline>
<codeline lineno="51"><highlight class="normal"><sp/><sp/><sp/><sp/><sp/><sp/><sp/><sp/></highlight><highlight class="keywordtype">bool</highlight><highlight class="normal"><sp/><ref refid="classDweller_1a33bb050f8dd1abba8428d5824ce9725f" kindref="member">isDead</ref>();</highlight></codeline>
<codeline lineno="52"><highlight class="normal"></highlight></codeline>
<codeline lineno="53"><highlight class="normal">};</highlight></codeline>
<codeline lineno="54"><highlight class="normal"></highlight></codeline>
<codeline lineno="55"><highlight class="normal"></highlight><highlight class="preprocessor">#endif</highlight></codeline>
    </programlisting>
    <location file="Assignmen01_150503N_NathanChia/Dweller.h"/>
  </compounddef>
</doxygen>
