<?xml version='1.0' encoding='UTF-8' standalone='no'?>
<doxygenindex xmlns:xsi="http://www.w3.org/2001/XMLSchema-instance" xsi:noNamespaceSchemaLocation="index.xsd" version="1.8.10">
  <compound refid="classDweller" kind="class"><name>Dweller</name>
    <member refid="classDweller_1ad769b02386e2060776276f64194811a2" kind="variable"><name>position_</name></member>
    <member refid="classDweller_1adddef783da3277fdee6c05c9b7c40742" kind="variable"><name>SPECIAL_</name></member>
    <member refid="classDweller_1aff75dc01658d330e51043b86c8ec3e21" kind="variable"><name>health_</name></member>
    <member refid="classDweller_1a82ec290d32407101daa1ce99f951f1c9" kind="variable"><name>radiation_</name></member>
    <member refid="classDweller_1a6222543be35513cc47fada0a5bf3547b" kind="variable"><name>stimpak_</name></member>
    <member refid="classDweller_1ad906d73273266b219b7efa2241720601" kind="variable"><name>radaway_</name></member>
    <member refid="classDweller_1ae660ab1a0a063d9c0d0e075cc66dea87" kind="variable"><name>outfit_</name></member>
    <member refid="classDweller_1a9de50e9f37c490934b9bdc8e258d4382" kind="variable"><name>weapon_</name></member>
    <member refid="classDweller_1a945463f38d3355b39be69edccad1b749" kind="function"><name>Dweller</name></member>
    <member refid="classDweller_1a2499017d809b7b72f1647eafc0107f1e" kind="function"><name>~Dweller</name></member>
    <member refid="classDweller_1aee5683dcdaa052daac072cfdeb56df2f" kind="function"><name>getSPECIAL</name></member>
    <member refid="classDweller_1af4683a57d847666230c652174721da72" kind="function"><name>getCurrentHealth</name></member>
    <member refid="classDweller_1a337769ac74f98a0a548cbc85aef3e9ae" kind="function"><name>getCurrentRadDamage</name></member>
    <member refid="classDweller_1a7bb025bd8237c76efc510c603334906f" kind="function"><name>getAttackDmg</name></member>
    <member refid="classDweller_1a4999597d6cfe8552d92c043fd01d38d0" kind="function"><name>setPosition</name></member>
    <member refid="classDweller_1a934158ebdf06d51169f33cfcdb61d29d" kind="function"><name>getPosition</name></member>
    <member refid="classDweller_1abf9520f7fa4de6e1bc15343a2c9a2566" kind="function"><name>receiveHealthDamage</name></member>
    <member refid="classDweller_1a3546d82f9e018774b3e2ed0cf20a75e7" kind="function"><name>receiveRadDamage</name></member>
    <member refid="classDweller_1a89b0288282e0ee80ecf36683ca4386d9" kind="function"><name>receiveEquipmentDamage</name></member>
    <member refid="classDweller_1ad52bcb0cf23351d0aacb5d0458cd081b" kind="function"><name>addStimpak</name></member>
    <member refid="classDweller_1a913253a2a69aa4076b808556fcc59ef7" kind="function"><name>addRadAway</name></member>
    <member refid="classDweller_1a141c51a497020e45f3d1bf61c6f50167" kind="function"><name>useStimpak</name></member>
    <member refid="classDweller_1ad76a3cd483840971553a615ceba34b5f" kind="function"><name>useRadAway</name></member>
    <member refid="classDweller_1aac585b73527e14417f81b52b06282abd" kind="function"><name>assignOutfit</name></member>
    <member refid="classDweller_1ada9dea393dfde4052cfff6a43acc37bb" kind="function"><name>assignWeapon</name></member>
    <member refid="classDweller_1a33bb050f8dd1abba8428d5824ce9725f" kind="function"><name>isDead</name></member>
  </compound>
  <compound refid="classGameObject" kind="class"><name>GameObject</name>
    <member refid="classGameObject_1a975468b0205494c8809af8260c45f1df" kind="variable"><name>kName</name></member>
    <member refid="classGameObject_1a4f10ed5bec5962a6ed7632ec9deb6da6" kind="variable"><name>count_</name></member>
    <member refid="classGameObject_1ab4a9826131a3c4116970e4e1e70587ff" kind="function"><name>GameObject</name></member>
    <member refid="classGameObject_1ab82dfdb656f9051c0587e6593b2dda97" kind="function"><name>~GameObject</name></member>
    <member refid="classGameObject_1ab7c8021dd4caa10448c87396db933e94" kind="function"><name>getName</name></member>
    <member refid="classGameObject_1a00da4ea36f3945e1da1a2f81061b57d3" kind="function"><name>getCount</name></member>
  </compound>
  <compound refid="classItem" kind="class"><name>Item</name>
    <member refid="classItem_1aa565c4091f6ac0634d762fb250128cee" kind="variable"><name>durability_</name></member>
    <member refid="classItem_1a426c7ad7c16a09129047060a04b94b81" kind="function"><name>Item</name></member>
    <member refid="classItem_1a11663c84075b78c3ae5e30fdfcd7c458" kind="function"><name>~Item</name></member>
    <member refid="classItem_1af07624523911254b4fad62612a2c2e8e" kind="function"><name>receiveDamage</name></member>
    <member refid="classItem_1a26396e7bd1be4d8ab3590dfac9cbca39" kind="function"><name>getDurability</name></member>
  </compound>
  <compound refid="classOutfit" kind="class"><name>Outfit</name>
    <member refid="classOutfit_1acbd6b2717ab180c33dcff9bea347b154" kind="variable"><name>kSPECIAL</name></member>
    <member refid="classOutfit_1a553920a1a43a41020a8aef174ea43ce3" kind="function"><name>Outfit</name></member>
    <member refid="classOutfit_1a1960e26664a0f6c991c98950e53e0b47" kind="function"><name>~Outfit</name></member>
    <member refid="classOutfit_1ac62f8f308ad5a60cee90a9bfa8d70d4e" kind="function"><name>getSPECIAL</name></member>
    <member refid="classOutfit_1a757380dfe425a928d6a1397d8b960956" kind="function"><name>receiveDamage</name></member>
  </compound>
  <compound refid="structVec2D" kind="struct"><name>Vec2D</name>
    <member refid="structVec2D_1a9a4542122d7f2bd28dcd529c9a62edd0" kind="variable"><name>x</name></member>
    <member refid="structVec2D_1ace79aa38b9f696905862d607f338b845" kind="variable"><name>y</name></member>
    <member refid="structVec2D_1aa3e3abb842bff81c10e8539c1689d578" kind="function"><name>Vec2D</name></member>
    <member refid="structVec2D_1a7b7e1d9c94888dabaed54e798cd3ac45" kind="function"><name>Vec2D</name></member>
    <member refid="structVec2D_1a3609128b9388f58c9feff47b7c2dccc1" kind="function"><name>~Vec2D</name></member>
  </compound>
  <compound refid="classWeapon" kind="class"><name>Weapon</name>
    <member refid="classWeapon_1a0f219eb852ca4d385443dd9a7d2f0212" kind="variable"><name>kAttackDmg</name></member>
    <member refid="classWeapon_1a30805a0dd8dd7e625fb6193d61ea921b" kind="function"><name>Weapon</name></member>
    <member refid="classWeapon_1a420e7ba3d2017e6de3e93eb579cfd3fa" kind="function"><name>~Weapon</name></member>
    <member refid="classWeapon_1aa68d843906315f5f97f85d464c865aef" kind="function"><name>getAttackDmg</name></member>
    <member refid="classWeapon_1a177eb2a97f4a93b04a18a83405871d43" kind="function"><name>receiveDamage</name></member>
  </compound>
  <compound refid="compileCheck_8cpp" kind="file"><name>compileCheck.cpp</name>
    <member refid="compileCheck_8cpp_1ac665e29bf2cc1ab7d8749c3a72296f3a" kind="define"><name>SHOULD_NOT_COMPILE</name></member>
    <member refid="compileCheck_8cpp_1a061a0bf10e22f8e495ab1e4060236d77" kind="function"><name>testNames</name></member>
    <member refid="compileCheck_8cpp_1a0c7e39f3d69f0c6d2932550c2495bd3b" kind="function"><name>shouldNotCompile</name></member>
  </compound>
  <compound refid="Dweller_8cpp" kind="file"><name>Dweller.cpp</name>
  </compound>
  <compound refid="Dweller_8h" kind="file"><name>Dweller.h</name>
  </compound>
  <compound refid="GameObject_8cpp" kind="file"><name>GameObject.cpp</name>
  </compound>
  <compound refid="GameObject_8h" kind="file"><name>GameObject.h</name>
  </compound>
  <compound refid="Item_8cpp" kind="file"><name>Item.cpp</name>
  </compound>
  <compound refid="Item_8h" kind="file"><name>Item.h</name>
  </compound>
  <compound refid="main_8cpp" kind="file"><name>main.cpp</name>
    <member refid="main_8cpp_1a061a0bf10e22f8e495ab1e4060236d77" kind="function"><name>testNames</name></member>
    <member refid="main_8cpp_1a0c7e39f3d69f0c6d2932550c2495bd3b" kind="function"><name>shouldNotCompile</name></member>
    <member refid="main_8cpp_1ae66f6b31b5ad750f1fe042a706a4e3d4" kind="function"><name>main</name></member>
  </compound>
  <compound refid="Outfit_8h" kind="file"><name>Outfit.h</name>
  </compound>
  <compound refid="Outift_8cpp" kind="file"><name>Outift.cpp</name>
  </compound>
  <compound refid="Vec2D_8cpp" kind="file"><name>Vec2D.cpp</name>
  </compound>
  <compound refid="Vec2D_8h" kind="file"><name>Vec2D.h</name>
  </compound>
  <compound refid="Weapon_8cpp" kind="file"><name>Weapon.cpp</name>
  </compound>
  <compound refid="Weapon_8h" kind="file"><name>Weapon.h</name>
  </compound>
  <compound refid="dir_d23e4d90c9f8843aff56c5d77f619cf6" kind="dir"><name>Assignmen01_150503N_NathanChia</name>
  </compound>
</doxygenindex>
