<?xml version='1.0' encoding='UTF-8' standalone='no'?>
<doxygen xmlns:xsi="http://www.w3.org/2001/XMLSchema-instance" xsi:noNamespaceSchemaLocation="compound.xsd" version="1.8.10">
  <compounddef id="Item_8cpp" kind="file" language="C++">
    <compoundname>Item.cpp</compoundname>
    <includes refid="Item_8h" local="yes">Item.h</includes>
    <incdepgraph>
      <node id="169">
        <label>string</label>
      </node>
      <node id="167">
        <label>Item.h</label>
        <link refid="Item_8h"/>
        <childnode refid="168" relation="include">
        </childnode>
      </node>
      <node id="166">
        <label>Assignmen01_150503N_NathanChia/Item.cpp</label>
        <link refid="Item.cpp"/>
        <childnode refid="167" relation="include">
        </childnode>
      </node>
      <node id="168">
        <label>GameObject.h</label>
        <link refid="GameObject_8h"/>
        <childnode refid="169" relation="include">
        </childnode>
      </node>
    </incdepgraph>
    <briefdescription>
    </briefdescription>
    <detaileddescription>
    </detaileddescription>
    <programlisting>
<codeline lineno="1"><highlight class="preprocessor">#include<sp/>&quot;<ref refid="Item_8h" kindref="compound">Item.h</ref>&quot;</highlight><highlight class="normal"></highlight></codeline>
<codeline lineno="2"><highlight class="normal"></highlight><highlight class="comment">/****************************************************************************/</highlight></codeline>
<codeline lineno="13"><highlight class="comment">/****************************************************************************/</highlight><highlight class="normal"></highlight></codeline>
<codeline lineno="14" refid="classItem_1a426c7ad7c16a09129047060a04b94b81" refkind="member"><highlight class="normal"><ref refid="classItem_1a426c7ad7c16a09129047060a04b94b81" kindref="member">Item::Item</ref>(</highlight><highlight class="keyword">const</highlight><highlight class="normal"><sp/></highlight><highlight class="keywordtype">string</highlight><highlight class="normal">&amp;<sp/>kName,<sp/></highlight><highlight class="keyword">const</highlight><highlight class="normal"><sp/></highlight><highlight class="keywordtype">int</highlight><highlight class="normal">&amp;<sp/>durability_)<sp/>:<sp/><ref refid="classGameObject" kindref="compound">GameObject</ref>(kName),<sp/>durability_(durability_)</highlight></codeline>
<codeline lineno="15"><highlight class="normal">{</highlight></codeline>
<codeline lineno="16"><highlight class="normal"></highlight></codeline>
<codeline lineno="17"><highlight class="normal">}</highlight></codeline>
<codeline lineno="18"><highlight class="normal"></highlight><highlight class="comment">/****************************************************************************/</highlight></codeline>
<codeline lineno="28"><highlight class="comment">/****************************************************************************/</highlight><highlight class="normal"></highlight></codeline>
<codeline lineno="29" refid="classItem_1a11663c84075b78c3ae5e30fdfcd7c458" refkind="member"><highlight class="normal"><ref refid="classItem_1a11663c84075b78c3ae5e30fdfcd7c458" kindref="member">Item::~Item</ref>()</highlight></codeline>
<codeline lineno="30"><highlight class="normal">{</highlight></codeline>
<codeline lineno="31"><highlight class="normal"></highlight></codeline>
<codeline lineno="32"><highlight class="normal">}</highlight></codeline>
<codeline lineno="33"><highlight class="normal"></highlight><highlight class="comment">/****************************************************************************/</highlight></codeline>
<codeline lineno="44"><highlight class="comment">/****************************************************************************/</highlight><highlight class="normal"></highlight></codeline>
<codeline lineno="45" refid="classItem_1a26396e7bd1be4d8ab3590dfac9cbca39" refkind="member"><highlight class="normal"></highlight><highlight class="keyword">const</highlight><highlight class="normal"><sp/></highlight><highlight class="keywordtype">int</highlight><highlight class="normal"><sp/><ref refid="classItem_1a26396e7bd1be4d8ab3590dfac9cbca39" kindref="member">Item::getDurability</ref>()</highlight></codeline>
<codeline lineno="46"><highlight class="normal">{</highlight></codeline>
<codeline lineno="47"><highlight class="normal"><sp/><sp/><sp/><sp/><sp/><sp/><sp/><sp/></highlight><highlight class="keywordflow">if</highlight><highlight class="normal"><sp/>(<ref refid="classItem_1aa565c4091f6ac0634d762fb250128cee" kindref="member">durability_</ref><sp/>&gt;=<sp/>0)</highlight></codeline>
<codeline lineno="48"><highlight class="normal"><sp/><sp/><sp/><sp/><sp/><sp/><sp/><sp/>{</highlight></codeline>
<codeline lineno="49"><highlight class="normal"><sp/><sp/><sp/><sp/><sp/><sp/><sp/><sp/><sp/><sp/><sp/><sp/><sp/><sp/><sp/><sp/><ref refid="classItem_1aa565c4091f6ac0634d762fb250128cee" kindref="member">durability_</ref>=<sp/>0;</highlight></codeline>
<codeline lineno="50"><highlight class="normal"><sp/><sp/><sp/><sp/><sp/><sp/><sp/><sp/>}</highlight></codeline>
<codeline lineno="51"><highlight class="normal"><sp/><sp/><sp/><sp/><sp/><sp/><sp/><sp/></highlight><highlight class="keywordflow">return</highlight><highlight class="normal"><sp/><ref refid="classItem_1aa565c4091f6ac0634d762fb250128cee" kindref="member">durability_</ref>;</highlight></codeline>
<codeline lineno="52"><highlight class="normal">}</highlight></codeline>
    </programlisting>
    <location file="Assignmen01_150503N_NathanChia/Item.cpp"/>
  </compounddef>
</doxygen>
