<?xml version='1.0' encoding='UTF-8' standalone='no'?>
<doxygen xmlns:xsi="http://www.w3.org/2001/XMLSchema-instance" xsi:noNamespaceSchemaLocation="compound.xsd" version="1.8.10">
  <compounddef id="Item_8h" kind="file" language="C++">
    <compoundname>Item.h</compoundname>
    <includes refid="GameObject_8h" local="yes">GameObject.h</includes>
    <includedby refid="Outfit_8h" local="yes">Assignmen01_150503N_NathanChia/Outfit.h</includedby>
    <includedby refid="Weapon_8h" local="yes">Assignmen01_150503N_NathanChia/Weapon.h</includedby>
    <includedby refid="compileCheck_8cpp" local="yes">Assignmen01_150503N_NathanChia/compileCheck.cpp</includedby>
    <includedby refid="Dweller_8cpp" local="yes">Assignmen01_150503N_NathanChia/Dweller.cpp</includedby>
    <includedby refid="Item_8cpp" local="yes">Assignmen01_150503N_NathanChia/Item.cpp</includedby>
    <includedby refid="main_8cpp" local="yes">Assignmen01_150503N_NathanChia/main.cpp</includedby>
    <incdepgraph>
      <node id="173">
        <label>string</label>
      </node>
      <node id="171">
        <label>Assignmen01_150503N_NathanChia/Item.h</label>
        <link refid="Item.h"/>
        <childnode refid="172" relation="include">
        </childnode>
      </node>
      <node id="172">
        <label>GameObject.h</label>
        <link refid="GameObject_8h"/>
        <childnode refid="173" relation="include">
        </childnode>
      </node>
    </incdepgraph>
    <invincdepgraph>
      <node id="178">
        <label>Assignmen01_150503N_NathanChia/Dweller.cpp</label>
        <link refid="Dweller_8cpp"/>
      </node>
      <node id="179">
        <label>Assignmen01_150503N_NathanChia/main.cpp</label>
        <link refid="main_8cpp"/>
      </node>
      <node id="181">
        <label>Assignmen01_150503N_NathanChia/Weapon.h</label>
        <link refid="Weapon_8h"/>
        <childnode refid="176" relation="include">
        </childnode>
        <childnode refid="177" relation="include">
        </childnode>
        <childnode refid="179" relation="include">
        </childnode>
        <childnode refid="182" relation="include">
        </childnode>
      </node>
      <node id="175">
        <label>Assignmen01_150503N_NathanChia/Outfit.h</label>
        <link refid="Outfit_8h"/>
        <childnode refid="176" relation="include">
        </childnode>
        <childnode refid="177" relation="include">
        </childnode>
        <childnode refid="179" relation="include">
        </childnode>
        <childnode refid="180" relation="include">
        </childnode>
      </node>
      <node id="176">
        <label>Assignmen01_150503N_NathanChia/Dweller.h</label>
        <link refid="Dweller_8h"/>
        <childnode refid="177" relation="include">
        </childnode>
        <childnode refid="178" relation="include">
        </childnode>
        <childnode refid="179" relation="include">
        </childnode>
      </node>
      <node id="177">
        <label>Assignmen01_150503N_NathanChia/compileCheck.cpp</label>
        <link refid="compileCheck_8cpp"/>
      </node>
      <node id="182">
        <label>Assignmen01_150503N_NathanChia/Weapon.cpp</label>
        <link refid="Weapon_8cpp"/>
      </node>
      <node id="174">
        <label>Assignmen01_150503N_NathanChia/Item.h</label>
        <link refid="Item.h"/>
        <childnode refid="175" relation="include">
        </childnode>
        <childnode refid="181" relation="include">
        </childnode>
        <childnode refid="177" relation="include">
        </childnode>
        <childnode refid="178" relation="include">
        </childnode>
        <childnode refid="183" relation="include">
        </childnode>
        <childnode refid="179" relation="include">
        </childnode>
      </node>
      <node id="183">
        <label>Assignmen01_150503N_NathanChia/Item.cpp</label>
        <link refid="Item_8cpp"/>
      </node>
      <node id="180">
        <label>Assignmen01_150503N_NathanChia/Outift.cpp</label>
        <link refid="Outift_8cpp"/>
      </node>
    </invincdepgraph>
    <innerclass refid="classItem" prot="public">Item</innerclass>
    <briefdescription>
<para>Class to initialise Items. </para>    </briefdescription>
    <detaileddescription>
<para><simplesect kind="author"><para>Nathan Chia </para></simplesect>
<simplesect kind="par"><title>email: 150503N.nyp.edu.sg</title><para></para></simplesect>
</para>    </detaileddescription>
    <programlisting>
<codeline lineno="1"><highlight class="comment">/****************************************************************************/</highlight></codeline>
<codeline lineno="9"><highlight class="comment">/****************************************************************************/</highlight><highlight class="normal"></highlight></codeline>
<codeline lineno="10"><highlight class="normal"></highlight></codeline>
<codeline lineno="11"><highlight class="normal"></highlight><highlight class="preprocessor">#ifndef<sp/>ITEM_H_</highlight><highlight class="normal"></highlight></codeline>
<codeline lineno="12"><highlight class="normal"></highlight><highlight class="preprocessor">#define<sp/>ITEM_H_</highlight><highlight class="normal"></highlight></codeline>
<codeline lineno="13"><highlight class="normal"></highlight><highlight class="preprocessor">#include<sp/>&quot;<ref refid="GameObject_8h" kindref="compound">GameObject.h</ref>&quot;</highlight><highlight class="normal"></highlight></codeline>
<codeline lineno="14"><highlight class="normal"></highlight></codeline>
<codeline lineno="15"><highlight class="normal"></highlight><highlight class="comment">/****************************************************************************/</highlight></codeline>
<codeline lineno="21"><highlight class="comment">/****************************************************************************/</highlight><highlight class="normal"></highlight></codeline>
<codeline lineno="22" refid="classItem" refkind="compound"><highlight class="normal"></highlight><highlight class="keyword">class<sp/></highlight><highlight class="normal"><ref refid="classItem" kindref="compound">Item</ref><sp/>:<sp/></highlight><highlight class="keyword">public</highlight><highlight class="normal"><sp/><ref refid="classGameObject" kindref="compound">GameObject</ref></highlight></codeline>
<codeline lineno="23"><highlight class="normal">{</highlight></codeline>
<codeline lineno="24"><highlight class="normal"></highlight><highlight class="keyword">protected</highlight><highlight class="normal">:</highlight></codeline>
<codeline lineno="25" refid="classItem_1aa565c4091f6ac0634d762fb250128cee" refkind="member"><highlight class="normal"><sp/><sp/><sp/><sp/><sp/><sp/><sp/><sp/></highlight><highlight class="keywordtype">int</highlight><highlight class="normal"><sp/><ref refid="classItem_1aa565c4091f6ac0634d762fb250128cee" kindref="member">durability_</ref>;</highlight></codeline>
<codeline lineno="26"><highlight class="normal"></highlight><highlight class="keyword">public</highlight><highlight class="normal">:</highlight></codeline>
<codeline lineno="27"><highlight class="normal"><sp/><sp/><sp/><sp/><sp/><sp/><sp/><sp/><ref refid="classItem_1a426c7ad7c16a09129047060a04b94b81" kindref="member">Item</ref>(</highlight><highlight class="keyword">const</highlight><highlight class="normal"><sp/></highlight><highlight class="keywordtype">string</highlight><highlight class="normal">&amp;,<sp/></highlight><highlight class="keyword">const</highlight><highlight class="normal"><sp/></highlight><highlight class="keywordtype">int</highlight><highlight class="normal">&amp;);</highlight></codeline>
<codeline lineno="28"><highlight class="normal"><sp/><sp/><sp/><sp/><sp/><sp/><sp/><sp/></highlight><highlight class="keyword">virtual</highlight><highlight class="normal"><sp/><ref refid="classItem_1a11663c84075b78c3ae5e30fdfcd7c458" kindref="member">~Item</ref>();</highlight></codeline>
<codeline lineno="29"><highlight class="normal"><sp/><sp/><sp/><sp/><sp/><sp/><sp/><sp/></highlight><highlight class="keyword">virtual</highlight><highlight class="normal"><sp/></highlight><highlight class="keywordtype">void</highlight><highlight class="normal"><sp/><ref refid="classItem_1af07624523911254b4fad62612a2c2e8e" kindref="member">receiveDamage</ref>(</highlight><highlight class="keyword">const</highlight><highlight class="normal"><sp/></highlight><highlight class="keywordtype">int</highlight><highlight class="normal"><sp/>&amp;)<sp/>=<sp/>0;</highlight></codeline>
<codeline lineno="30"><highlight class="normal"><sp/><sp/><sp/><sp/><sp/><sp/><sp/><sp/></highlight><highlight class="keyword">const</highlight><highlight class="normal"><sp/></highlight><highlight class="keywordtype">int</highlight><highlight class="normal"><sp/><ref refid="classItem_1a26396e7bd1be4d8ab3590dfac9cbca39" kindref="member">getDurability</ref>();</highlight></codeline>
<codeline lineno="31"><highlight class="normal">};</highlight></codeline>
<codeline lineno="32"><highlight class="normal"></highlight></codeline>
<codeline lineno="33"><highlight class="normal"></highlight><highlight class="preprocessor">#endif</highlight></codeline>
    </programlisting>
    <location file="Assignmen01_150503N_NathanChia/Item.h"/>
  </compounddef>
</doxygen>
