<?xml version='1.0' encoding='UTF-8' standalone='no'?>
<doxygen xmlns:xsi="http://www.w3.org/2001/XMLSchema-instance" xsi:noNamespaceSchemaLocation="compound.xsd" version="1.8.10">
  <compounddef id="Outfit_8h" kind="file" language="C++">
    <compoundname>Outfit.h</compoundname>
    <includes refid="Item_8h" local="yes">Item.h</includes>
    <includedby refid="Dweller_8h" local="yes">Assignmen01_150503N_NathanChia/Dweller.h</includedby>
    <includedby refid="compileCheck_8cpp" local="yes">Assignmen01_150503N_NathanChia/compileCheck.cpp</includedby>
    <includedby refid="main_8cpp" local="yes">Assignmen01_150503N_NathanChia/main.cpp</includedby>
    <includedby refid="Outift_8cpp" local="yes">Assignmen01_150503N_NathanChia/Outift.cpp</includedby>
    <incdepgraph>
      <node id="194">
        <label>Assignmen01_150503N_NathanChia/Outfit.h</label>
        <link refid="Outfit.h"/>
        <childnode refid="195" relation="include">
        </childnode>
      </node>
      <node id="197">
        <label>string</label>
      </node>
      <node id="195">
        <label>Item.h</label>
        <link refid="Item_8h"/>
        <childnode refid="196" relation="include">
        </childnode>
      </node>
      <node id="196">
        <label>GameObject.h</label>
        <link refid="GameObject_8h"/>
        <childnode refid="197" relation="include">
        </childnode>
      </node>
    </incdepgraph>
    <invincdepgraph>
      <node id="201">
        <label>Assignmen01_150503N_NathanChia/Dweller.cpp</label>
        <link refid="Dweller_8cpp"/>
      </node>
      <node id="202">
        <label>Assignmen01_150503N_NathanChia/main.cpp</label>
        <link refid="main_8cpp"/>
      </node>
      <node id="198">
        <label>Assignmen01_150503N_NathanChia/Outfit.h</label>
        <link refid="Outfit.h"/>
        <childnode refid="199" relation="include">
        </childnode>
        <childnode refid="200" relation="include">
        </childnode>
        <childnode refid="202" relation="include">
        </childnode>
        <childnode refid="203" relation="include">
        </childnode>
      </node>
      <node id="199">
        <label>Assignmen01_150503N_NathanChia/Dweller.h</label>
        <link refid="Dweller_8h"/>
        <childnode refid="200" relation="include">
        </childnode>
        <childnode refid="201" relation="include">
        </childnode>
        <childnode refid="202" relation="include">
        </childnode>
      </node>
      <node id="200">
        <label>Assignmen01_150503N_NathanChia/compileCheck.cpp</label>
        <link refid="compileCheck_8cpp"/>
      </node>
      <node id="203">
        <label>Assignmen01_150503N_NathanChia/Outift.cpp</label>
        <link refid="Outift_8cpp"/>
      </node>
    </invincdepgraph>
    <innerclass refid="classOutfit" prot="public">Outfit</innerclass>
    <briefdescription>
<para>Class to initialise Items. </para>    </briefdescription>
    <detaileddescription>
<para><simplesect kind="author"><para>Nathan Chia </para></simplesect>
<simplesect kind="par"><title>email: 150503N.nyp.edu.sg</title><para></para></simplesect>
</para>    </detaileddescription>
    <programlisting>
<codeline lineno="1"><highlight class="comment">/****************************************************************************/</highlight></codeline>
<codeline lineno="9"><highlight class="comment">/****************************************************************************/</highlight><highlight class="normal"></highlight></codeline>
<codeline lineno="10"><highlight class="normal"></highlight><highlight class="preprocessor">#ifndef<sp/>OUTFIT_H_</highlight><highlight class="normal"></highlight></codeline>
<codeline lineno="11"><highlight class="normal"></highlight><highlight class="preprocessor">#define<sp/>OUTFIT_H_</highlight><highlight class="normal"></highlight></codeline>
<codeline lineno="12"><highlight class="normal"></highlight><highlight class="preprocessor">#include<sp/>&quot;<ref refid="Item_8h" kindref="compound">Item.h</ref>&quot;</highlight><highlight class="normal"></highlight></codeline>
<codeline lineno="13"><highlight class="normal"></highlight><highlight class="comment">/****************************************************************************/</highlight></codeline>
<codeline lineno="19"><highlight class="comment">/****************************************************************************/</highlight><highlight class="normal"></highlight></codeline>
<codeline lineno="20" refid="classOutfit" refkind="compound"><highlight class="normal"></highlight><highlight class="keyword">class<sp/></highlight><highlight class="normal"><ref refid="classOutfit" kindref="compound">Outfit</ref><sp/>:<sp/></highlight><highlight class="keyword">public</highlight><highlight class="normal"><sp/><ref refid="classItem" kindref="compound">Item</ref></highlight></codeline>
<codeline lineno="21"><highlight class="normal">{</highlight></codeline>
<codeline lineno="22"><highlight class="normal"></highlight><highlight class="keyword">private</highlight><highlight class="normal">:</highlight></codeline>
<codeline lineno="23" refid="classOutfit_1acbd6b2717ab180c33dcff9bea347b154" refkind="member"><highlight class="normal"><sp/><sp/><sp/><sp/><sp/><sp/><sp/><sp/></highlight><highlight class="keyword">const</highlight><highlight class="normal"><sp/></highlight><highlight class="keywordtype">int</highlight><highlight class="normal"><sp/><ref refid="classOutfit_1acbd6b2717ab180c33dcff9bea347b154" kindref="member">kSPECIAL</ref>;</highlight></codeline>
<codeline lineno="24"><highlight class="normal"></highlight><highlight class="keyword">public</highlight><highlight class="normal">:</highlight></codeline>
<codeline lineno="25"><highlight class="normal"><sp/><sp/><sp/><sp/><sp/><sp/><sp/><sp/><ref refid="classOutfit_1a553920a1a43a41020a8aef174ea43ce3" kindref="member">Outfit</ref>(</highlight><highlight class="keyword">const</highlight><highlight class="normal"><sp/></highlight><highlight class="keywordtype">string</highlight><highlight class="normal">&amp;,<sp/></highlight><highlight class="keyword">const</highlight><highlight class="normal"><sp/></highlight><highlight class="keywordtype">int</highlight><highlight class="normal">&amp;,<sp/></highlight><highlight class="keyword">const</highlight><highlight class="normal"><sp/></highlight><highlight class="keywordtype">int</highlight><highlight class="normal">&amp;);</highlight></codeline>
<codeline lineno="26"><highlight class="normal"><sp/><sp/><sp/><sp/><sp/><sp/><sp/><sp/></highlight><highlight class="keyword">virtual</highlight><highlight class="normal"><sp/><ref refid="classOutfit_1a1960e26664a0f6c991c98950e53e0b47" kindref="member">~Outfit</ref>();</highlight></codeline>
<codeline lineno="27"><highlight class="normal"><sp/><sp/><sp/><sp/><sp/><sp/><sp/><sp/></highlight><highlight class="keyword">const</highlight><highlight class="normal"><sp/></highlight><highlight class="keywordtype">int</highlight><highlight class="normal"><sp/><ref refid="classOutfit_1ac62f8f308ad5a60cee90a9bfa8d70d4e" kindref="member">getSPECIAL</ref>();</highlight></codeline>
<codeline lineno="28"><highlight class="normal"><sp/><sp/><sp/><sp/><sp/><sp/><sp/><sp/></highlight><highlight class="keyword">virtual</highlight><highlight class="normal"><sp/></highlight><highlight class="keywordtype">void</highlight><highlight class="normal"><sp/><ref refid="classOutfit_1a757380dfe425a928d6a1397d8b960956" kindref="member">receiveDamage</ref>(</highlight><highlight class="keyword">const</highlight><highlight class="normal"><sp/></highlight><highlight class="keywordtype">int</highlight><highlight class="normal"><sp/>&amp;);</highlight></codeline>
<codeline lineno="29"><highlight class="normal"></highlight></codeline>
<codeline lineno="30"><highlight class="normal">};</highlight></codeline>
<codeline lineno="31"><highlight class="normal"></highlight></codeline>
<codeline lineno="32"><highlight class="normal"></highlight></codeline>
<codeline lineno="33"><highlight class="normal"></highlight><highlight class="preprocessor">#endif</highlight></codeline>
    </programlisting>
    <location file="Assignmen01_150503N_NathanChia/Outfit.h"/>
  </compounddef>
</doxygen>
