<?xml version='1.0' encoding='UTF-8' standalone='no'?>
<doxygen xmlns:xsi="http://www.w3.org/2001/XMLSchema-instance" xsi:noNamespaceSchemaLocation="compound.xsd" version="1.8.10">
  <compounddef id="Outift_8cpp" kind="file" language="C++">
    <compoundname>Outift.cpp</compoundname>
    <includes refid="Outfit_8h" local="yes">Outfit.h</includes>
    <incdepgraph>
      <node id="205">
        <label>Outfit.h</label>
        <link refid="Outfit_8h"/>
        <childnode refid="206" relation="include">
        </childnode>
      </node>
      <node id="208">
        <label>string</label>
      </node>
      <node id="206">
        <label>Item.h</label>
        <link refid="Item_8h"/>
        <childnode refid="207" relation="include">
        </childnode>
      </node>
      <node id="207">
        <label>GameObject.h</label>
        <link refid="GameObject_8h"/>
        <childnode refid="208" relation="include">
        </childnode>
      </node>
      <node id="204">
        <label>Assignmen01_150503N_NathanChia/Outift.cpp</label>
        <link refid="Outift.cpp"/>
        <childnode refid="205" relation="include">
        </childnode>
      </node>
    </incdepgraph>
    <briefdescription>
    </briefdescription>
    <detaileddescription>
    </detaileddescription>
    <programlisting>
<codeline lineno="1"><highlight class="preprocessor">#include<sp/>&quot;<ref refid="Outfit_8h" kindref="compound">Outfit.h</ref>&quot;</highlight><highlight class="normal"></highlight></codeline>
<codeline lineno="2"><highlight class="normal"></highlight><highlight class="comment">/****************************************************************************/</highlight></codeline>
<codeline lineno="12"><highlight class="comment">/****************************************************************************/</highlight><highlight class="normal"></highlight></codeline>
<codeline lineno="13" refid="classOutfit_1a553920a1a43a41020a8aef174ea43ce3" refkind="member"><highlight class="normal"><ref refid="classOutfit_1a553920a1a43a41020a8aef174ea43ce3" kindref="member">Outfit::Outfit</ref>(</highlight><highlight class="keyword">const</highlight><highlight class="normal"><sp/></highlight><highlight class="keywordtype">string</highlight><highlight class="normal">&amp;<sp/>kName,<sp/></highlight><highlight class="keyword">const</highlight><highlight class="normal"><sp/></highlight><highlight class="keywordtype">int</highlight><highlight class="normal">&amp;<sp/>durability_,<sp/></highlight><highlight class="keyword">const</highlight><highlight class="normal"><sp/></highlight><highlight class="keywordtype">int</highlight><highlight class="normal">&amp;<sp/>kSPECIAL)<sp/></highlight></codeline>
<codeline lineno="14"><highlight class="normal"><sp/><sp/><sp/><sp/><sp/><sp/><sp/><sp/>:<ref refid="classItem" kindref="compound">Item</ref>(kName,durability_),<sp/>kSPECIAL(kSPECIAL)</highlight></codeline>
<codeline lineno="15"><highlight class="normal">{</highlight></codeline>
<codeline lineno="16"><highlight class="normal"></highlight></codeline>
<codeline lineno="17"><highlight class="normal">}</highlight></codeline>
<codeline lineno="18"><highlight class="normal"></highlight><highlight class="comment">/****************************************************************************/</highlight></codeline>
<codeline lineno="28"><highlight class="comment">/****************************************************************************/</highlight><highlight class="normal"></highlight></codeline>
<codeline lineno="29" refid="classOutfit_1a1960e26664a0f6c991c98950e53e0b47" refkind="member"><highlight class="normal"><ref refid="classOutfit_1a1960e26664a0f6c991c98950e53e0b47" kindref="member">Outfit::~Outfit</ref>()</highlight></codeline>
<codeline lineno="30"><highlight class="normal">{</highlight></codeline>
<codeline lineno="31"><highlight class="normal"></highlight></codeline>
<codeline lineno="32"><highlight class="normal">}</highlight></codeline>
<codeline lineno="33"><highlight class="normal"></highlight><highlight class="comment">/****************************************************************************/</highlight></codeline>
<codeline lineno="44"><highlight class="comment">/****************************************************************************/</highlight><highlight class="normal"></highlight></codeline>
<codeline lineno="45" refid="classOutfit_1ac62f8f308ad5a60cee90a9bfa8d70d4e" refkind="member"><highlight class="normal"></highlight><highlight class="keyword">const</highlight><highlight class="normal"><sp/></highlight><highlight class="keywordtype">int</highlight><highlight class="normal"><sp/><ref refid="classOutfit_1ac62f8f308ad5a60cee90a9bfa8d70d4e" kindref="member">Outfit::getSPECIAL</ref>()</highlight></codeline>
<codeline lineno="46"><highlight class="normal">{</highlight></codeline>
<codeline lineno="47"><highlight class="normal"><sp/><sp/><sp/><sp/><sp/><sp/><sp/><sp/></highlight><highlight class="keywordflow">return</highlight><highlight class="normal"><sp/><ref refid="classOutfit_1acbd6b2717ab180c33dcff9bea347b154" kindref="member">kSPECIAL</ref>;</highlight></codeline>
<codeline lineno="48"><highlight class="normal">}</highlight></codeline>
<codeline lineno="49"><highlight class="normal"></highlight><highlight class="comment">/****************************************************************************/</highlight></codeline>
<codeline lineno="60"><highlight class="comment">/****************************************************************************/</highlight><highlight class="normal"></highlight></codeline>
<codeline lineno="61" refid="classOutfit_1a757380dfe425a928d6a1397d8b960956" refkind="member"><highlight class="normal"></highlight><highlight class="keywordtype">void</highlight><highlight class="normal"><sp/><ref refid="classOutfit_1a757380dfe425a928d6a1397d8b960956" kindref="member">Outfit::receiveDamage</ref>(</highlight><highlight class="keyword">const</highlight><highlight class="normal"><sp/></highlight><highlight class="keywordtype">int</highlight><highlight class="normal"><sp/>&amp;<sp/>durability_)</highlight></codeline>
<codeline lineno="62"><highlight class="normal">{</highlight></codeline>
<codeline lineno="63"><highlight class="normal"><sp/><sp/><sp/><sp/><sp/><sp/><sp/><sp/>this-&gt;durability_<sp/>=<sp/><ref refid="classItem_1aa565c4091f6ac0634d762fb250128cee" kindref="member">durability_</ref>;</highlight></codeline>
<codeline lineno="64"><highlight class="normal">}</highlight></codeline>
    </programlisting>
    <location file="Assignmen01_150503N_NathanChia/Outift.cpp"/>
  </compounddef>
</doxygen>
