<?xml version='1.0' encoding='UTF-8' standalone='no'?>
<doxygen xmlns:xsi="http://www.w3.org/2001/XMLSchema-instance" xsi:noNamespaceSchemaLocation="compound.xsd" version="1.8.10">
  <compounddef id="structVec2D" kind="struct" language="C++" prot="public">
    <compoundname>Vec2D</compoundname>
    <includes refid="Vec2D_8h" local="no">Vec2D.h</includes>
      <sectiondef kind="public-attrib">
      <memberdef kind="variable" id="structVec2D_1a9a4542122d7f2bd28dcd529c9a62edd0" prot="public" static="no" mutable="no">
        <type>double</type>
        <definition>double Vec2D::x</definition>
        <argsstring></argsstring>
        <name>x</name>
        <briefdescription>
        </briefdescription>
        <detaileddescription>
        </detaileddescription>
        <inbodydescription>
        </inbodydescription>
        <location file="Assignmen01_150503N_NathanChia/Vec2D.h" line="24" column="1" bodyfile="Assignmen01_150503N_NathanChia/Vec2D.h" bodystart="24" bodyend="-1"/>
      </memberdef>
      <memberdef kind="variable" id="structVec2D_1ace79aa38b9f696905862d607f338b845" prot="public" static="no" mutable="no">
        <type>double</type>
        <definition>double Vec2D::y</definition>
        <argsstring></argsstring>
        <name>y</name>
        <briefdescription>
        </briefdescription>
        <detaileddescription>
        </detaileddescription>
        <inbodydescription>
        </inbodydescription>
        <location file="Assignmen01_150503N_NathanChia/Vec2D.h" line="25" column="1" bodyfile="Assignmen01_150503N_NathanChia/Vec2D.h" bodystart="25" bodyend="-1"/>
      </memberdef>
      </sectiondef>
      <sectiondef kind="public-func">
      <memberdef kind="function" id="structVec2D_1aa3e3abb842bff81c10e8539c1689d578" prot="public" static="no" const="no" explicit="no" inline="no" virt="non-virtual">
        <type></type>
        <definition>Vec2D::Vec2D</definition>
        <argsstring>()</argsstring>
        <name>Vec2D</name>
        <briefdescription>
<para>Default Constructor. </para>        </briefdescription>
        <detaileddescription>
<para><parameterlist kind="param"><parameteritem>
<parameternamelist>
<parametername>rhs</parametername>
</parameternamelist>
<parameterdescription>
<para></para></parameterdescription>
</parameteritem>
</parameterlist>
<parameterlist kind="exception"><parameteritem>
<parameternamelist>
</parameternamelist>
<parameterdescription>
</parameterdescription>
</parameteritem>
</parameterlist>
</para>        </detaileddescription>
        <inbodydescription>
        </inbodydescription>
        <location file="Assignmen01_150503N_NathanChia/Vec2D.h" line="21" column="1" bodyfile="Assignmen01_150503N_NathanChia/Vec2D.cpp" bodystart="14" bodyend="17"/>
      </memberdef>
      <memberdef kind="function" id="structVec2D_1a7b7e1d9c94888dabaed54e798cd3ac45" prot="public" static="no" const="no" explicit="no" inline="no" virt="non-virtual">
        <type></type>
        <definition>Vec2D::Vec2D</definition>
        <argsstring>(double, double)</argsstring>
        <name>Vec2D</name>
        <param>
          <type>double</type>
          <defname>x</defname>
        </param>
        <param>
          <type>double</type>
          <defname>y</defname>
        </param>
        <briefdescription>
<para>Initialises the position of the character with 2 double type values. </para>        </briefdescription>
        <detaileddescription>
<para><parameterlist kind="param"><parameteritem>
<parameternamelist>
<parametername>rhs</parametername>
</parameternamelist>
<parameterdescription>
<para></para></parameterdescription>
</parameteritem>
</parameterlist>
<parameterlist kind="exception"><parameteritem>
<parameternamelist>
</parameternamelist>
<parameterdescription>
</parameterdescription>
</parameteritem>
</parameterlist>
</para>        </detaileddescription>
        <inbodydescription>
        </inbodydescription>
        <location file="Assignmen01_150503N_NathanChia/Vec2D.h" line="22" column="1" bodyfile="Assignmen01_150503N_NathanChia/Vec2D.cpp" bodystart="30" bodyend="33"/>
      </memberdef>
      <memberdef kind="function" id="structVec2D_1a3609128b9388f58c9feff47b7c2dccc1" prot="public" static="no" const="no" explicit="no" inline="no" virt="virtual">
        <type></type>
        <definition>Vec2D::~Vec2D</definition>
        <argsstring>()</argsstring>
        <name>~Vec2D</name>
        <briefdescription>
<para>Default Destructor. </para>        </briefdescription>
        <detaileddescription>
<para><parameterlist kind="param"><parameteritem>
<parameternamelist>
<parametername>rhs</parametername>
</parameternamelist>
<parameterdescription>
<para></para></parameterdescription>
</parameteritem>
</parameterlist>
<parameterlist kind="exception"><parameteritem>
<parameternamelist>
</parameternamelist>
<parameterdescription>
</parameterdescription>
</parameteritem>
</parameterlist>
</para>        </detaileddescription>
        <inbodydescription>
        </inbodydescription>
        <location file="Assignmen01_150503N_NathanChia/Vec2D.h" line="23" column="1" bodyfile="Assignmen01_150503N_NathanChia/Vec2D.cpp" bodystart="46" bodyend="49"/>
      </memberdef>
      </sectiondef>
    <briefdescription>
<para>Struct that would pass in 2 double values to initialise te dweller&apos;s position within the area. </para>    </briefdescription>
    <detaileddescription>
<para>Class <ref refid="structVec2D" kindref="compound">Vec2D</ref>: </para>    </detaileddescription>
    <collaborationgraph>
      <node id="83">
        <label>double</label>
      </node>
      <node id="82">
        <label>Vec2D</label>
        <link refid="structVec2D"/>
        <childnode refid="83" relation="usage">
          <edgelabel>x</edgelabel>
          <edgelabel>y</edgelabel>
        </childnode>
      </node>
    </collaborationgraph>
    <location file="Assignmen01_150503N_NathanChia/Vec2D.h" line="19" column="1" bodyfile="Assignmen01_150503N_NathanChia/Vec2D.h" bodystart="18" bodyend="26"/>
    <listofallmembers>
      <member refid="structVec2D_1aa3e3abb842bff81c10e8539c1689d578" prot="public" virt="non-virtual"><scope>Vec2D</scope><name>Vec2D</name></member>
      <member refid="structVec2D_1a7b7e1d9c94888dabaed54e798cd3ac45" prot="public" virt="non-virtual"><scope>Vec2D</scope><name>Vec2D</name></member>
      <member refid="structVec2D_1a9a4542122d7f2bd28dcd529c9a62edd0" prot="public" virt="non-virtual"><scope>Vec2D</scope><name>x</name></member>
      <member refid="structVec2D_1ace79aa38b9f696905862d607f338b845" prot="public" virt="non-virtual"><scope>Vec2D</scope><name>y</name></member>
      <member refid="structVec2D_1a3609128b9388f58c9feff47b7c2dccc1" prot="public" virt="virtual"><scope>Vec2D</scope><name>~Vec2D</name></member>
    </listofallmembers>
  </compounddef>
</doxygen>
