<?xml version='1.0' encoding='UTF-8' standalone='no'?>
<doxygen xmlns:xsi="http://www.w3.org/2001/XMLSchema-instance" xsi:noNamespaceSchemaLocation="compound.xsd" version="1.8.10">
  <compounddef id="Vec2D_8h" kind="file" language="C++">
    <compoundname>Vec2D.h</compoundname>
    <includedby refid="Dweller_8h" local="yes">Assignmen01_150503N_NathanChia/Dweller.h</includedby>
    <includedby refid="compileCheck_8cpp" local="yes">Assignmen01_150503N_NathanChia/compileCheck.cpp</includedby>
    <includedby refid="main_8cpp" local="yes">Assignmen01_150503N_NathanChia/main.cpp</includedby>
    <includedby refid="Vec2D_8cpp" local="yes">Assignmen01_150503N_NathanChia/Vec2D.cpp</includedby>
    <invincdepgraph>
      <node id="217">
        <label>Assignmen01_150503N_NathanChia/Dweller.cpp</label>
        <link refid="Dweller_8cpp"/>
      </node>
      <node id="218">
        <label>Assignmen01_150503N_NathanChia/main.cpp</label>
        <link refid="main_8cpp"/>
      </node>
      <node id="215">
        <label>Assignmen01_150503N_NathanChia/Dweller.h</label>
        <link refid="Dweller_8h"/>
        <childnode refid="216" relation="include">
        </childnode>
        <childnode refid="217" relation="include">
        </childnode>
        <childnode refid="218" relation="include">
        </childnode>
      </node>
      <node id="216">
        <label>Assignmen01_150503N_NathanChia/compileCheck.cpp</label>
        <link refid="compileCheck_8cpp"/>
      </node>
      <node id="214">
        <label>Assignmen01_150503N_NathanChia/Vec2D.h</label>
        <link refid="Vec2D.h"/>
        <childnode refid="215" relation="include">
        </childnode>
        <childnode refid="216" relation="include">
        </childnode>
        <childnode refid="218" relation="include">
        </childnode>
        <childnode refid="219" relation="include">
        </childnode>
      </node>
      <node id="219">
        <label>Assignmen01_150503N_NathanChia/Vec2D.cpp</label>
        <link refid="Vec2D_8cpp"/>
      </node>
    </invincdepgraph>
    <innerclass refid="structVec2D" prot="public">Vec2D</innerclass>
    <briefdescription>
<para>Struct that will define the characters Position. </para>    </briefdescription>
    <detaileddescription>
<para><simplesect kind="author"><para>Nathan Chia </para></simplesect>
<simplesect kind="par"><title>email: 150503N.nyp.edu.sg</title><para></para></simplesect>
</para>    </detaileddescription>
    <programlisting>
<codeline lineno="1"><highlight class="comment">/****************************************************************************/</highlight></codeline>
<codeline lineno="9"><highlight class="comment">/****************************************************************************/</highlight><highlight class="normal"></highlight></codeline>
<codeline lineno="10"><highlight class="normal"></highlight><highlight class="preprocessor">#ifndef<sp/>VEC2D_H</highlight><highlight class="normal"></highlight></codeline>
<codeline lineno="11"><highlight class="normal"></highlight><highlight class="preprocessor">#define<sp/>VEC2D_H</highlight><highlight class="normal"></highlight></codeline>
<codeline lineno="12"><highlight class="normal"></highlight><highlight class="comment">/****************************************************************************/</highlight></codeline>
<codeline lineno="17"><highlight class="comment">/****************************************************************************/</highlight><highlight class="normal"></highlight></codeline>
<codeline lineno="18" refid="structVec2D" refkind="compound"><highlight class="normal"></highlight><highlight class="keyword">struct<sp/></highlight><highlight class="normal"><ref refid="structVec2D" kindref="compound">Vec2D</ref></highlight></codeline>
<codeline lineno="19"><highlight class="normal">{</highlight></codeline>
<codeline lineno="20"><highlight class="normal"></highlight><highlight class="keyword">public</highlight><highlight class="normal">:</highlight></codeline>
<codeline lineno="21"><highlight class="normal"><sp/><sp/><sp/><sp/><sp/><sp/><sp/><sp/><ref refid="structVec2D_1aa3e3abb842bff81c10e8539c1689d578" kindref="member">Vec2D</ref>();</highlight></codeline>
<codeline lineno="22"><highlight class="normal"><sp/><sp/><sp/><sp/><sp/><sp/><sp/><sp/><ref refid="structVec2D_1aa3e3abb842bff81c10e8539c1689d578" kindref="member">Vec2D</ref>(</highlight><highlight class="keywordtype">double</highlight><highlight class="normal">,<sp/></highlight><highlight class="keywordtype">double</highlight><highlight class="normal">);</highlight></codeline>
<codeline lineno="23"><highlight class="normal"><sp/><sp/><sp/><sp/><sp/><sp/><sp/><sp/></highlight><highlight class="keyword">virtual</highlight><highlight class="normal"><sp/><ref refid="structVec2D_1a3609128b9388f58c9feff47b7c2dccc1" kindref="member">~Vec2D</ref>();</highlight></codeline>
<codeline lineno="24" refid="structVec2D_1a9a4542122d7f2bd28dcd529c9a62edd0" refkind="member"><highlight class="normal"><sp/><sp/><sp/><sp/><sp/><sp/><sp/><sp/></highlight><highlight class="keywordtype">double</highlight><highlight class="normal"><sp/><ref refid="structVec2D_1a9a4542122d7f2bd28dcd529c9a62edd0" kindref="member">x</ref>;</highlight></codeline>
<codeline lineno="25" refid="structVec2D_1ace79aa38b9f696905862d607f338b845" refkind="member"><highlight class="normal"><sp/><sp/><sp/><sp/><sp/><sp/><sp/><sp/></highlight><highlight class="keywordtype">double</highlight><highlight class="normal"><sp/><ref refid="structVec2D_1ace79aa38b9f696905862d607f338b845" kindref="member">y</ref>;</highlight></codeline>
<codeline lineno="26"><highlight class="normal">};</highlight></codeline>
<codeline lineno="27"><highlight class="normal"></highlight></codeline>
<codeline lineno="28"><highlight class="normal"></highlight><highlight class="preprocessor">#endif</highlight></codeline>
    </programlisting>
    <location file="Assignmen01_150503N_NathanChia/Vec2D.h"/>
  </compounddef>
</doxygen>
