<?xml version='1.0' encoding='UTF-8' standalone='no'?>
<doxygen xmlns:xsi="http://www.w3.org/2001/XMLSchema-instance" xsi:noNamespaceSchemaLocation="compound.xsd" version="1.8.10">
  <compounddef id="Vec2D_8cpp" kind="file" language="C++">
    <compoundname>Vec2D.cpp</compoundname>
    <includes refid="Vec2D_8h" local="yes">Vec2D.h</includes>
    <incdepgraph>
      <node id="211">
        <label>Vec2D.h</label>
        <link refid="Vec2D_8h"/>
      </node>
      <node id="210">
        <label>Assignmen01_150503N_NathanChia/Vec2D.cpp</label>
        <link refid="Vec2D.cpp"/>
        <childnode refid="211" relation="include">
        </childnode>
      </node>
    </incdepgraph>
    <briefdescription>
    </briefdescription>
    <detaileddescription>
    </detaileddescription>
    <programlisting>
<codeline lineno="1"><highlight class="preprocessor">#include<sp/>&quot;<ref refid="Vec2D_8h" kindref="compound">Vec2D.h</ref>&quot;</highlight><highlight class="normal"></highlight></codeline>
<codeline lineno="2"><highlight class="normal"></highlight><highlight class="comment">/****************************************************************************/</highlight></codeline>
<codeline lineno="13"><highlight class="comment">/****************************************************************************/</highlight><highlight class="normal"></highlight></codeline>
<codeline lineno="14" refid="structVec2D_1aa3e3abb842bff81c10e8539c1689d578" refkind="member"><highlight class="normal"><ref refid="structVec2D_1aa3e3abb842bff81c10e8539c1689d578" kindref="member">Vec2D::Vec2D</ref>()</highlight></codeline>
<codeline lineno="15"><highlight class="normal">{</highlight></codeline>
<codeline lineno="16"><highlight class="normal"></highlight></codeline>
<codeline lineno="17"><highlight class="normal">}</highlight></codeline>
<codeline lineno="18"><highlight class="normal"></highlight><highlight class="comment">/****************************************************************************/</highlight></codeline>
<codeline lineno="29"><highlight class="comment">/****************************************************************************/</highlight><highlight class="normal"></highlight></codeline>
<codeline lineno="30" refid="structVec2D_1a7b7e1d9c94888dabaed54e798cd3ac45" refkind="member"><highlight class="normal"><ref refid="structVec2D_1aa3e3abb842bff81c10e8539c1689d578" kindref="member">Vec2D::Vec2D</ref>(</highlight><highlight class="keywordtype">double</highlight><highlight class="normal"><sp/>x,<sp/></highlight><highlight class="keywordtype">double</highlight><highlight class="normal"><sp/>y)</highlight></codeline>
<codeline lineno="31"><highlight class="normal">{</highlight></codeline>
<codeline lineno="32"><highlight class="normal"></highlight></codeline>
<codeline lineno="33"><highlight class="normal">}</highlight></codeline>
<codeline lineno="34"><highlight class="normal"></highlight><highlight class="comment">/****************************************************************************/</highlight></codeline>
<codeline lineno="45"><highlight class="comment">/****************************************************************************/</highlight><highlight class="normal"></highlight></codeline>
<codeline lineno="46" refid="structVec2D_1a3609128b9388f58c9feff47b7c2dccc1" refkind="member"><highlight class="normal"><ref refid="structVec2D_1a3609128b9388f58c9feff47b7c2dccc1" kindref="member">Vec2D::~Vec2D</ref>()</highlight></codeline>
<codeline lineno="47"><highlight class="normal">{</highlight></codeline>
<codeline lineno="48"><highlight class="normal"></highlight></codeline>
<codeline lineno="49"><highlight class="normal">}</highlight></codeline>
    </programlisting>
    <location file="Assignmen01_150503N_NathanChia/Vec2D.cpp"/>
  </compounddef>
</doxygen>
