<?xml version='1.0' encoding='UTF-8' standalone='no'?>
<doxygen xmlns:xsi="http://www.w3.org/2001/XMLSchema-instance" xsi:noNamespaceSchemaLocation="compound.xsd" version="1.8.10">
  <compounddef id="Weapon_8h" kind="file" language="C++">
    <compoundname>Weapon.h</compoundname>
    <includes refid="Item_8h" local="yes">Item.h</includes>
    <includedby refid="Dweller_8h" local="yes">Assignmen01_150503N_NathanChia/Dweller.h</includedby>
    <includedby refid="compileCheck_8cpp" local="yes">Assignmen01_150503N_NathanChia/compileCheck.cpp</includedby>
    <includedby refid="main_8cpp" local="yes">Assignmen01_150503N_NathanChia/main.cpp</includedby>
    <includedby refid="Weapon_8cpp" local="yes">Assignmen01_150503N_NathanChia/Weapon.cpp</includedby>
    <incdepgraph>
      <node id="226">
        <label>Assignmen01_150503N_NathanChia/Weapon.h</label>
        <link refid="Weapon.h"/>
        <childnode refid="227" relation="include">
        </childnode>
      </node>
      <node id="229">
        <label>string</label>
      </node>
      <node id="227">
        <label>Item.h</label>
        <link refid="Item_8h"/>
        <childnode refid="228" relation="include">
        </childnode>
      </node>
      <node id="228">
        <label>GameObject.h</label>
        <link refid="GameObject_8h"/>
        <childnode refid="229" relation="include">
        </childnode>
      </node>
    </incdepgraph>
    <invincdepgraph>
      <node id="233">
        <label>Assignmen01_150503N_NathanChia/Dweller.cpp</label>
        <link refid="Dweller_8cpp"/>
      </node>
      <node id="234">
        <label>Assignmen01_150503N_NathanChia/main.cpp</label>
        <link refid="main_8cpp"/>
      </node>
      <node id="230">
        <label>Assignmen01_150503N_NathanChia/Weapon.h</label>
        <link refid="Weapon.h"/>
        <childnode refid="231" relation="include">
        </childnode>
        <childnode refid="232" relation="include">
        </childnode>
        <childnode refid="234" relation="include">
        </childnode>
        <childnode refid="235" relation="include">
        </childnode>
      </node>
      <node id="231">
        <label>Assignmen01_150503N_NathanChia/Dweller.h</label>
        <link refid="Dweller_8h"/>
        <childnode refid="232" relation="include">
        </childnode>
        <childnode refid="233" relation="include">
        </childnode>
        <childnode refid="234" relation="include">
        </childnode>
      </node>
      <node id="232">
        <label>Assignmen01_150503N_NathanChia/compileCheck.cpp</label>
        <link refid="compileCheck_8cpp"/>
      </node>
      <node id="235">
        <label>Assignmen01_150503N_NathanChia/Weapon.cpp</label>
        <link refid="Weapon_8cpp"/>
      </node>
    </invincdepgraph>
    <innerclass refid="classWeapon" prot="public">Weapon</innerclass>
    <briefdescription>
<para>Class to initialise a weapon <ref refid="classItem" kindref="compound">Item</ref>. </para>    </briefdescription>
    <detaileddescription>
<para><simplesect kind="author"><para>Nathan Chia </para></simplesect>
<simplesect kind="par"><title>email: 150503N.nyp.edu.sg</title><para></para></simplesect>
</para>    </detaileddescription>
    <programlisting>
<codeline lineno="1"><highlight class="comment">/****************************************************************************/</highlight></codeline>
<codeline lineno="9"><highlight class="comment">/****************************************************************************/</highlight><highlight class="normal"></highlight></codeline>
<codeline lineno="10"><highlight class="normal"></highlight><highlight class="preprocessor">#ifndef<sp/>WEAPON_H_</highlight><highlight class="normal"></highlight></codeline>
<codeline lineno="11"><highlight class="normal"></highlight><highlight class="preprocessor">#define<sp/>WEAPON_H_</highlight><highlight class="normal"></highlight></codeline>
<codeline lineno="12"><highlight class="normal"></highlight><highlight class="preprocessor">#include<sp/>&quot;<ref refid="Item_8h" kindref="compound">Item.h</ref>&quot;</highlight><highlight class="normal"></highlight></codeline>
<codeline lineno="13"><highlight class="normal"></highlight></codeline>
<codeline lineno="14"><highlight class="normal"></highlight><highlight class="comment">/****************************************************************************/</highlight></codeline>
<codeline lineno="19"><highlight class="comment">/****************************************************************************/</highlight><highlight class="normal"></highlight></codeline>
<codeline lineno="20"><highlight class="normal"></highlight></codeline>
<codeline lineno="21" refid="classWeapon" refkind="compound"><highlight class="normal"></highlight><highlight class="keyword">class<sp/></highlight><highlight class="normal"><ref refid="classWeapon" kindref="compound">Weapon</ref><sp/>:</highlight><highlight class="keyword">public</highlight><highlight class="normal"><sp/><ref refid="classItem" kindref="compound">Item</ref></highlight></codeline>
<codeline lineno="22"><highlight class="normal">{</highlight></codeline>
<codeline lineno="23"><highlight class="normal"></highlight><highlight class="keyword">private</highlight><highlight class="normal">:</highlight></codeline>
<codeline lineno="24" refid="classWeapon_1a0f219eb852ca4d385443dd9a7d2f0212" refkind="member"><highlight class="normal"><sp/><sp/><sp/><sp/><sp/><sp/><sp/><sp/></highlight><highlight class="keyword">const</highlight><highlight class="normal"><sp/></highlight><highlight class="keywordtype">int</highlight><highlight class="normal"><sp/><ref refid="classWeapon_1a0f219eb852ca4d385443dd9a7d2f0212" kindref="member">kAttackDmg</ref>;</highlight></codeline>
<codeline lineno="25"><highlight class="normal"></highlight><highlight class="keyword">public</highlight><highlight class="normal">:</highlight></codeline>
<codeline lineno="26"><highlight class="normal"><sp/><sp/><sp/><sp/><sp/><sp/><sp/><sp/><ref refid="classWeapon_1a30805a0dd8dd7e625fb6193d61ea921b" kindref="member">Weapon</ref>(</highlight><highlight class="keyword">const</highlight><highlight class="normal"><sp/></highlight><highlight class="keywordtype">string</highlight><highlight class="normal">&amp;,<sp/></highlight><highlight class="keyword">const</highlight><highlight class="normal"><sp/></highlight><highlight class="keywordtype">int</highlight><highlight class="normal">&amp;,<sp/></highlight><highlight class="keyword">const</highlight><highlight class="normal"><sp/></highlight><highlight class="keywordtype">int</highlight><highlight class="normal">&amp;);</highlight></codeline>
<codeline lineno="27"><highlight class="normal"><sp/><sp/><sp/><sp/><sp/><sp/><sp/><sp/></highlight><highlight class="keyword">virtual</highlight><highlight class="normal"><sp/><ref refid="classWeapon_1a420e7ba3d2017e6de3e93eb579cfd3fa" kindref="member">~Weapon</ref>();</highlight></codeline>
<codeline lineno="28"><highlight class="normal"><sp/><sp/><sp/><sp/><sp/><sp/><sp/><sp/></highlight><highlight class="keyword">const</highlight><highlight class="normal"><sp/></highlight><highlight class="keywordtype">int</highlight><highlight class="normal"><sp/><ref refid="classWeapon_1aa68d843906315f5f97f85d464c865aef" kindref="member">getAttackDmg</ref>();</highlight></codeline>
<codeline lineno="29"><highlight class="normal"><sp/><sp/><sp/><sp/><sp/><sp/><sp/><sp/></highlight><highlight class="keyword">virtual</highlight><highlight class="normal"><sp/></highlight><highlight class="keywordtype">void</highlight><highlight class="normal"><sp/><ref refid="classWeapon_1a177eb2a97f4a93b04a18a83405871d43" kindref="member">receiveDamage</ref>(</highlight><highlight class="keyword">const</highlight><highlight class="normal"><sp/></highlight><highlight class="keywordtype">int</highlight><highlight class="normal"><sp/>&amp;);</highlight></codeline>
<codeline lineno="30"><highlight class="normal">};</highlight></codeline>
<codeline lineno="31"><highlight class="normal"></highlight></codeline>
<codeline lineno="32"><highlight class="normal"></highlight><highlight class="preprocessor">#endif</highlight></codeline>
    </programlisting>
    <location file="Assignmen01_150503N_NathanChia/Weapon.h"/>
  </compounddef>
</doxygen>
